prov_ubi;cant_ubi;parr_ubi;area_ubi;clase;tipo;entidad;sector;dotmedic;dismedic;dotcirug;discirug;dotginob;disginob;dotped;disped;dotneon;disneon;dotcardi;discardi;dotneumo;disneumo;dotpsiqu;dispsiqu;dottraum;distraum;dotinfec;disinfec;dotofta;disofta;dotootorri;disootorri;doturolo;disurolo;dotgast;disgast;dototrse;disotrse;dotserin;disserin;camas_dnor;camas_disp;dotemerg;dotcinte;dotcintrm;dototrapo;dia_estad;dias_cdis;totegres;falmen48;falmas48
01;0103;010350;1;1;5;1;1;9;9;6;6;5;5;5;5;0;0;0;0;0;0;0;0;0;0;0;0;0;0;0;0;0;0;0;0;0;0;0;0;25;25;3;0;0;0;7031;10263;2906;7;11
01;0105;010550;1;1;5;1;1;10;10;8;8;8;8;4;4;0;0;0;0;0;0;0;0;0;0;0;0;0;0;0;0;0;0;0;0;0;0;0;0;30;30;0;0;0;0;7713;10696;2964;8;11
01;0108;010850;1;1;5;1;1;6;6;3;3;3;3;3;3;0;0;0;0;0;0;0;0;0;0;0;0;0;0;0;0;0;0;0;0;0;0;0;0;15;15;4;0;0;3;3535;3990;1330;3;6
01;0109;010950;1;1;5;1;1;8;8;2;2;3;3;5;5;0;0;0;0;0;0;0;0;0;0;0;0;0;0;0;0;0;0;0;0;0;0;0;0;18;18;6;0;0;0;5422;5818;1652;3;17
01;0101;010107;1;2;1;1;1;50;50;58;56;44;47;55;48;25;25;0;0;0;0;0;0;0;0;0;0;0;0;0;0;0;0;0;0;0;0;0;0;232;226;51;7;0;0;79574;90734;15191;83;363
01;0101;010101;1;7;2;1;1;0;0;0;0;4;2;0;0;1;0;0;0;0;0;0;0;0;0;0;0;0;0;0;0;0;0;0;0;0;0;0;0;5;2;0;0;0;0;191;818;102;0;0
01;0102;010250;1;1;5;1;1;6;6;3;3;3;3;3;3;0;0;0;0;0;0;0;0;0;0;0;0;0;0;0;0;0;0;0;0;0;0;0;0;15;15;2;0;0;0;4233;6136;1556;5;17
01;0101;010109;1;11;1;6;1;19;19;39;39;24;24;11;11;16;16;24;24;5;5;0;0;16;16;14;14;2;2;5;5;11;11;12;12;86;86;0;0;284;284;30;30;0;29;88626;103052;19988;241;422
01;0101;010107;1;2;1;3;1;14;14;7;7;2;2;5;5;0;0;0;0;0;0;0;0;6;6;0;0;0;0;0;0;0;0;0;0;0;0;0;0;34;34;5;0;0;3;1425;12410;555;1;2
01;0101;010107;1;8;2;15;3;0;0;37;34;0;0;22;22;0;0;0;0;0;0;0;0;0;0;0;0;0;0;0;0;0;0;0;0;36;32;0;0;95;88;8;8;0;0;19047;32092;3946;7;64
01;0101;010106;1;1;5;11;1;0;0;0;0;0;0;0;0;8;8;0;0;0;0;0;0;0;0;0;0;0;0;0;0;0;0;0;0;0;0;16;9;24;17;2;0;0;0;1756;4858;694;0;1
02;0201;020102;1;2;1;1;1;22;22;23;23;30;30;25;25;10;10;0;0;0;0;0;0;0;0;0;0;0;0;0;0;0;0;0;0;0;0;0;0;110;110;8;0;2;6;22426;36280;5852;16;49
02;0205;020550;1;1;5;1;1;5;4;2;2;5;4;3;4;0;0;0;0;0;0;0;0;0;0;0;0;0;0;0;0;0;0;0;0;0;0;0;0;15;14;3;0;0;5;2881;4324;1118;0;0
02;0202;020250;1;1;5;1;1;6;6;3;3;3;3;3;3;0;0;0;0;0;0;0;0;0;0;0;0;0;0;0;0;0;0;0;0;0;0;0;0;15;15;0;0;0;0;2546;4721;1030;0;1
02;0201;020150;1;1;5;6;1;6;7;5;9;6;7;3;3;0;0;1;0;0;0;0;0;2;1;0;0;1;0;1;0;1;0;1;0;0;0;0;0;27;27;8;0;0;0;5470;9855;1518;3;3
03;0304;030450;1;1;5;1;1;7;7;7;7;12;12;6;6;0;0;0;0;0;0;0;0;0;0;0;0;0;0;0;0;0;0;0;0;0;0;0;0;32;32;4;0;0;0;9716;11580;3418;12;12
03;0301;030150;1;2;1;1;1;42;42;24;24;36;36;23;22;12;12;0;0;0;0;0;0;9;9;0;0;0;0;0;0;0;0;0;0;0;0;0;0;146;145;11;4;0;0;34172;53249;9287;42;158
03;0303;030350;1;1;5;1;1;18;18;7;7;9;9;16;16;0;0;0;0;0;0;0;0;0;0;0;0;0;0;0;0;0;0;0;0;0;0;0;0;50;50;4;0;0;0;9438;17848;3232;10;13
04;0401;040102;1;2;1;1;1;25;22;25;20;56;45;40;25;16;14;0;0;0;0;0;0;0;0;0;0;0;0;0;0;0;0;0;0;0;0;0;0;162;126;21;4;0;0;28556;46368;7119;31;72
04;0405;040550;1;1;5;1;1;10;9;0;0;11;9;4;4;0;0;0;0;0;0;0;0;0;0;0;0;0;0;0;0;0;0;0;0;0;0;0;0;25;22;10;0;2;0;2707;8081;1015;1;1
04;0403;040350;1;1;5;1;1;6;6;0;0;7;7;2;2;0;0;0;0;0;0;0;0;0;0;0;0;0;0;0;0;0;0;0;0;0;0;0;0;15;15;4;0;0;0;2120;5480;733;1;1
05;0501;050104;1;2;1;1;1;35;34;59;59;59;59;27;27;6;6;0;0;0;0;0;0;27;27;0;0;0;0;0;0;0;0;0;0;4;1;0;0;217;213;33;12;10;0;47136;76071;10549;57;135
05;0504;050450;1;1;5;1;1;5;5;0;0;5;5;5;5;0;0;0;0;0;0;0;0;0;0;0;0;0;0;0;0;0;0;0;0;0;0;0;0;15;15;2;0;0;0;2451;5475;1198;2;0
05;0505;050550;1;1;5;1;1;3;3;3;3;7;7;2;2;0;0;0;0;0;0;0;0;0;0;0;0;0;0;0;0;0;0;0;0;0;0;0;0;15;15;4;0;0;0;2770;5468;1132;0;0
05;0503;050350;1;1;5;1;1;8;8;0;0;4;4;3;3;0;0;0;0;0;0;0;0;0;0;0;0;0;0;0;0;0;0;0;0;0;0;0;0;15;15;2;0;0;0;1942;5475;679;3;1
05;0504;050458;2;1;5;16;1;14;14;0;0;6;6;9;9;0;0;0;0;0;0;0;0;0;0;6;6;0;0;0;0;0;0;0;0;0;0;0;0;35;35;5;0;2;0;3554;12779;1327;7;11
05;0501;050102;1;1;5;6;1;18;18;13;13;14;14;14;14;8;8;5;5;0;0;2;2;13;13;0;0;0;0;1;1;2;2;4;4;1;1;0;0;95;95;16;4;0;0;24672;34644;6216;12;40
05;0501;050104;1;1;5;3;1;0;0;0;0;0;0;0;0;0;0;0;0;0;0;0;0;0;0;0;0;0;0;0;0;0;0;0;0;0;0;11;11;11;11;0;0;0;0;356;4015;199;0;0
06;0602;060250;1;1;5;1;1;22;16;24;5;10;5;14;5;0;0;0;0;0;0;0;0;0;0;0;0;0;0;0;0;0;0;0;0;0;0;0;0;70;31;3;0;0;0;5039;11340;1450;1;4
06;0605;060550;1;1;5;1;1;6;6;2;3;3;4;4;3;0;0;0;0;0;0;0;0;0;0;0;0;0;0;0;0;0;0;0;0;0;0;0;0;15;16;2;0;0;0;3857;5487;1279;3;10
06;0603;060350;1;1;5;1;1;10;10;5;5;6;6;4;4;0;0;0;0;0;0;0;0;0;0;0;0;0;0;0;0;0;0;0;0;0;0;0;0;25;25;3;0;0;0;3342;9125;985;1;1
06;0606;060650;1;1;5;1;1;4;4;2;2;5;6;4;4;0;0;0;0;0;0;0;0;0;0;0;0;0;0;0;0;0;0;0;0;0;0;0;0;15;16;4;0;0;0;3101;5475;1023;0;0
06;0601;060104;1;2;1;1;1;50;46;52;46;72;70;25;24;15;15;0;0;0;0;0;0;0;0;0;0;0;0;0;0;0;0;0;0;6;6;0;0;220;207;23;5;0;18;55415;75394;12985;68;172
06;0601;060103;1;5;1;1;1;22;22;5;5;0;0;0;0;3;3;0;0;0;0;0;0;0;0;6;6;0;0;0;0;0;0;0;0;0;0;0;0;36;36;5;0;0;0;5218;12673;1204;1;1
06;0601;060101;1;2;1;6;1;10;10;14;14;10;10;4;4;3;3;2;2;0;0;4;4;4;4;0;0;1;1;1;1;3;3;1;1;25;25;0;0;82;82;3;3;7;5;38184;29930;9155;87;127
06;0601;060104;1;10;2;1;1;20;20;0;0;0;0;0;0;0;0;0;0;0;0;0;0;0;0;0;0;0;0;0;0;0;0;0;0;0;0;0;0;20;20;0;0;0;0;3853;7300;389;3;25
06;0601;060101;1;8;2;15;3;3;3;12;12;0;0;0;0;0;0;0;0;0;0;0;0;0;0;0;0;0;0;0;0;0;0;0;0;7;7;0;0;22;22;0;2;0;0;1830;8030;543;1;12
06;0601;060103;1;2;1;3;1;15;15;4;4;6;6;5;5;0;0;0;0;0;0;0;0;5;5;0;0;0;0;0;0;0;0;0;0;0;0;0;0;35;35;0;0;0;0;3310;12753;1033;0;1
07;0701;070102;1;2;1;1;1;52;42;30;26;47;51;41;34;16;16;0;0;0;0;0;0;20;19;0;0;0;0;0;0;0;0;0;0;8;5;0;0;214;193;30;6;0;0;51982;70157;10459;19;174
07;0706;070650;1;1;5;1;1;8;8;4;4;11;11;10;10;0;0;0;0;0;0;0;0;0;0;0;0;0;0;0;0;0;0;0;0;0;0;0;0;33;33;3;0;0;0;4953;12045;1704;3;8
07;0709;070950;1;1;5;1;1;14;14;14;14;21;21;10;10;6;6;0;0;0;0;0;0;0;0;0;0;0;0;0;0;0;0;0;0;0;0;0;0;65;65;6;0;0;2;13101;23725;3376;15;45
07;0712;071201;1;4;1;1;1;0;0;0;0;38;38;20;18;0;0;0;0;0;0;0;0;0;0;0;0;0;0;0;0;0;0;0;0;0;0;0;0;58;56;6;0;0;12;14299;20560;4024;13;23
07;0712;071250;1;1;5;1;1;26;26;14;14;0;0;10;10;0;0;0;0;0;0;0;0;0;0;0;0;0;0;0;0;0;0;0;0;0;0;0;0;50;50;6;0;0;0;7083;16292;1936;20;44
07;0702;070250;1;1;5;1;1;6;6;2;2;7;7;3;3;0;0;0;0;0;0;0;0;0;0;0;0;0;0;0;0;0;0;0;0;0;0;0;0;18;18;2;0;0;0;3205;6570;1385;5;3
07;0707;070750;1;1;5;1;1;9;9;10;10;12;12;9;9;0;0;0;0;0;0;0;0;0;0;0;0;0;0;0;0;0;0;0;0;0;0;0;0;40;40;9;0;0;0;6461;14601;2319;2;7
07;0710;071050;1;1;5;1;1;6;6;4;4;6;6;3;3;0;0;0;0;0;0;0;0;0;0;0;0;0;0;0;0;0;0;0;0;0;0;0;0;19;19;3;0;0;0;3739;6935;1502;2;7
07;0713;071350;1;1;5;1;1;8;2;8;2;6;2;3;2;0;0;0;0;0;0;0;0;0;0;0;0;0;0;0;0;0;0;0;0;0;0;0;0;25;8;3;0;0;0;3162;2959;1171;7;2
07;0701;070102;1;2;1;6;1;20;20;14;14;30;30;30;30;8;8;5;5;6;6;0;0;8;8;2;2;0;0;3;3;3;3;6;6;23;23;0;0;158;158;21;14;8;0;46970;57670;8948;37;204
07;0701;070102;1;8;2;15;3;0;0;8;7;0;0;0;0;0;0;0;0;0;0;0;0;0;0;0;0;0;0;0;0;0;0;0;0;10;11;0;0;18;18;1;0;0;0;3414;6874;1050;11;23
08;0801;080103;1;2;1;1;1;94;58;39;41;66;60;32;31;28;30;0;0;0;0;0;0;0;0;0;0;0;0;0;0;0;0;0;0;0;0;0;0;259;220;21;4;0;0;65602;80738;14342;90;235
08;0806;080650;1;1;5;16;1;4;4;2;2;9;9;4;4;0;0;0;0;0;0;0;0;0;0;0;0;0;0;0;0;0;0;0;0;0;0;0;0;19;19;10;0;0;0;4488;6935;1985;1;1
08;0804;080450;1;1;5;1;1;5;3;5;3;10;15;2;5;0;0;0;0;0;0;0;0;0;0;0;0;0;0;0;0;0;0;0;0;0;0;0;0;22;26;4;0;0;5;7898;9182;3376;3;1
08;0805;080550;1;1;5;1;1;13;12;12;12;15;16;28;15;0;0;0;0;0;0;0;0;0;0;0;0;0;0;0;0;0;0;0;0;0;0;0;0;68;55;10;0;0;2;7653;20072;2576;8;6
08;0802;080253;2;1;5;1;1;6;6;4;4;6;8;4;4;0;0;0;0;0;0;0;0;0;0;0;0;0;0;0;0;0;0;0;0;0;0;0;0;20;22;4;0;4;0;5249;7670;1877;3;0
08;0802;080250;1;1;5;1;1;8;9;2;1;5;5;5;5;0;0;0;0;0;0;0;0;0;0;0;0;0;0;0;0;0;0;0;0;0;0;0;0;20;20;0;0;0;0;2821;7244;912;0;1
08;0803;080350;1;1;5;1;1;7;6;3;3;6;6;4;4;0;0;0;0;0;0;0;0;0;0;0;0;0;0;0;0;0;0;0;0;0;0;0;0;20;19;3;0;0;0;3882;7299;1239;1;0
08;0801;080102;1;1;5;6;1;0;0;0;0;0;0;4;4;4;4;0;0;0;0;0;0;0;0;0;0;0;0;0;0;0;0;0;0;0;0;43;43;51;51;23;3;0;0;12640;17155;3424;24;42
09;0901;090101;1;5;1;1;1;72;71;46;46;0;0;0;0;3;3;11;10;12;10;0;0;24;23;21;21;8;5;8;5;13;13;24;25;54;49;0;0;296;281;33;13;0;48;108414;102076;13435;19;205
09;0901;090104;1;11;1;1;1;160;156;90;81;0;0;0;0;0;0;0;0;0;0;0;0;0;0;0;0;0;0;0;0;0;0;0;0;0;0;0;0;250;237;57;33;0;43;87282;86741;8169;101;741
09;0901;090112;1;3;1;1;1;28;28;0;0;0;0;0;0;0;0;0;0;0;0;0;0;0;0;42;42;0;0;0;0;0;0;0;0;0;0;0;0;70;70;5;6;0;6;16715;25366;1656;36;255
09;0901;090114;1;4;1;1;1;0;0;0;0;69;89;0;0;18;18;0;0;0;0;0;0;0;0;0;0;0;0;0;0;0;0;0;0;0;0;0;0;87;107;8;8;0;33;34667;39156;14452;28;43
09;0901;090104;1;4;1;1;1;16;19;0;0;8;11;6;9;0;0;0;0;0;0;0;0;0;0;0;0;0;0;0;0;0;0;0;0;0;0;0;0;30;39;4;0;0;9;4847;14294;3913;3;0
09;0901;090158;2;1;5;1;1;6;5;0;0;5;5;4;4;0;0;0;0;0;0;0;0;0;0;0;0;0;0;0;0;0;0;0;0;0;0;0;0;15;14;0;0;0;0;1248;4995;485;0;0
09;0904;090450;1;1;5;1;1;5;5;5;5;6;6;4;4;0;0;0;0;0;0;0;0;0;0;0;0;0;0;0;0;0;0;0;0;0;0;0;0;20;20;5;0;0;2;4339;7211;1784;4;9
09;0906;090601;1;1;5;1;1;8;8;3;3;6;6;4;4;0;0;0;0;0;0;0;0;0;0;0;0;0;0;0;0;0;0;0;0;0;0;0;0;21;21;10;2;3;5;6105;7665;2855;0;13
09;0908;090850;1;1;5;1;1;8;8;6;6;10;10;6;6;0;0;0;0;0;0;0;0;0;0;0;0;0;0;0;0;0;0;0;0;0;0;0;0;30;30;17;0;0;0;5214;10950;1958;8;5
09;0909;090950;1;1;5;1;1;4;4;6;6;7;7;3;3;0;0;0;0;0;0;0;0;0;0;0;0;0;0;0;0;0;0;0;0;0;0;0;0;20;20;6;0;0;0;4570;7779;1464;2;4
09;0910;091050;1;2;1;1;1;26;26;10;10;30;30;13;13;4;4;0;0;0;0;0;0;0;0;0;0;0;0;0;0;0;0;0;0;0;0;0;0;83;83;20;0;0;0;17134;30295;6391;10;57
09;0911;091150;1;1;5;1;1;3;3;2;2;6;6;4;4;0;0;0;0;0;0;0;0;0;0;0;0;0;0;0;0;0;0;0;0;0;0;0;0;15;15;7;0;0;2;4246;6245;1782;1;3
09;0912;091250;1;1;5;1;1;4;4;3;3;5;5;3;3;0;0;0;0;0;0;0;0;0;0;0;0;0;0;0;0;0;0;0;0;0;0;0;0;15;15;5;0;0;1;2587;5445;1030;4;5
09;0921;092150;1;1;5;1;1;3;3;2;2;6;6;4;4;0;0;0;0;0;0;0;0;0;0;0;0;0;0;0;0;0;0;0;0;0;0;0;0;15;15;7;0;0;0;3487;5728;1717;6;4
09;0919;091950;1;1;5;1;1;8;8;2;2;6;6;4;4;0;0;0;0;0;0;0;0;0;0;0;0;0;0;0;0;0;0;0;0;0;0;0;0;20;20;5;0;0;0;2959;7300;1007;0;2
09;0920;092050;1;1;5;1;1;3;3;6;6;3;3;3;3;0;0;0;0;0;0;0;0;0;0;0;0;0;0;0;0;0;0;0;0;0;0;0;0;15;15;5;0;0;1;3566;5475;1507;2;3
09;0901;090114;1;11;1;6;1;11;11;39;35;31;30;0;0;48;48;37;33;14;13;15;14;40;29;8;8;7;7;10;9;30;15;30;28;37;25;0;0;357;305;49;63;0;7;129923;152779;23030;131;737
09;0907;090701;1;1;5;6;1;7;7;13;16;6;6;5;2;0;0;0;0;0;0;0;0;0;0;0;0;0;0;0;0;0;0;0;0;0;0;0;0;31;31;0;0;0;0;5512;11070;1796;0;1
09;0910;091050;1;2;1;6;1;49;49;33;33;13;13;14;14;8;8;0;0;0;0;0;0;0;0;0;0;0;0;0;0;0;0;0;0;0;0;0;0;117;117;0;6;5;0;25066;42583;7027;48;52
09;0901;090112;1;2;1;3;1;11;11;8;8;6;6;6;6;0;4;0;0;0;0;0;0;0;0;0;0;0;0;0;0;0;0;0;0;0;0;0;0;31;35;5;5;0;0;2982;12599;772;1;8
09;0901;090114;1;2;1;3;1;9;9;11;11;8;8;10;10;4;3;0;0;0;0;0;0;6;6;0;0;0;0;0;0;0;0;0;0;0;0;0;0;48;47;13;6;0;0;11630;17095;2077;9;53
09;0901;090112;1;2;1;9;1;38;38;39;39;14;14;2;2;12;12;0;0;0;0;0;0;15;15;8;8;0;0;0;0;0;0;0;0;0;0;0;0;128;128;11;7;0;0;26519;50670;4529;21;64
09;0901;090112;1;5;1;13;3;0;0;0;0;0;0;142;140;40;29;0;0;0;0;0;0;0;0;0;0;0;0;0;0;0;0;0;0;54;54;0;0;236;223;0;0;0;0;130284;81425;15710;43;358
09;0901;090112;1;2;1;13;3;55;55;85;85;0;0;0;0;0;0;38;38;0;0;0;0;50;50;0;0;0;0;4;4;23;23;0;0;111;111;0;0;366;366;61;77;24;0;137141;136318;10375;94;738
09;0901;090114;1;2;1;17;3;0;0;0;0;0;0;0;0;0;0;0;0;0;0;0;0;0;0;0;0;0;0;0;0;0;0;0;0;0;0;144;144;144;144;0;0;0;0;12416;54048;3125;3;19
09;0901;090112;1;8;2;15;3;33;34;32;34;0;0;26;26;0;0;0;0;0;0;0;0;0;0;0;0;0;0;0;0;0;0;0;0;25;15;0;0;116;109;15;8;5;0;26817;43960;4899;39;148
09;0901;090112;1;2;1;1;1;0;0;0;0;87;73;13;15;33;31;0;0;0;0;0;0;0;0;0;0;0;0;0;0;0;0;0;0;0;0;0;0;133;119;29;35;6;73;46039;43490;13157;31;105
10;1001;100103;1;2;1;1;1;39;32;32;33;41;48;24;18;10;9;0;0;0;0;0;0;20;18;0;0;0;0;0;0;0;0;0;0;0;0;0;0;166;158;6;6;14;0;44222;57349;11590;56;120
10;1002;100250;1;1;5;1;1;4;3;2;3;6;6;3;3;0;0;0;0;0;0;0;0;0;0;0;0;0;0;0;0;0;0;0;0;0;0;0;0;15;15;4;0;0;0;3125;5463;1124;0;0
10;1003;100350;1;1;5;1;1;6;6;5;5;8;8;4;4;0;0;0;0;0;0;0;0;0;0;0;0;0;0;0;0;0;0;0;0;0;0;0;0;23;23;3;0;2;4;3560;8427;1107;1;3
10;1004;100401;1;1;5;1;1;21;21;19;19;20;20;23;22;0;0;0;0;0;0;0;0;0;0;0;0;0;0;0;0;0;0;0;0;0;0;0;0;83;82;8;0;0;0;16033;30097;5092;7;18
10;1001;100150;1;2;1;6;1;30;30;38;38;20;20;28;28;6;6;0;0;0;0;0;0;30;30;0;0;0;0;0;0;0;0;0;0;10;10;0;0;162;162;25;6;5;26;34224;59130;7920;6;62
11;1102;110250;1;1;5;1;1;6;6;2;2;10;10;2;2;0;0;0;0;0;0;0;0;0;0;0;0;0;0;0;0;0;0;0;0;0;0;0;0;20;20;2;0;0;0;2414;7330;1032;2;4
11;1106;110650;1;1;5;1;1;5;5;3;3;3;3;4;4;0;0;0;0;0;0;0;0;0;0;0;0;0;0;0;0;0;0;0;0;0;0;0;0;15;15;2;0;0;0;2092;5475;759;1;0
11;1108;110850;1;1;5;1;1;8;8;4;4;6;6;2;2;0;0;0;0;0;0;0;0;0;0;0;0;0;0;0;0;0;0;0;0;0;0;0;0;20;20;8;0;0;0;3609;7320;1308;2;9
11;1109;110950;1;1;5;1;1;8;8;8;8;8;8;6;6;0;0;0;0;0;0;0;0;0;0;0;0;0;0;0;0;0;0;0;0;0;0;0;0;30;30;4;0;0;0;6026;10950;2049;3;5
11;1110;111050;1;1;5;1;1;6;6;0;0;7;7;2;2;0;0;0;0;0;0;0;0;0;0;0;0;0;0;0;0;0;0;0;0;0;0;0;0;15;15;5;0;0;0;2055;5475;893;0;0
11;1101;110161;2;1;5;1;1;6;4;3;3;3;5;3;3;0;0;0;0;0;0;0;0;0;0;0;0;0;0;0;0;0;0;0;0;0;0;0;0;15;15;2;0;0;0;2812;5475;1108;1;3
11;1111;111150;1;1;5;1;1;6;6;3;3;3;3;3;3;0;0;0;0;0;0;0;0;0;0;0;0;0;0;0;0;0;0;0;0;0;0;0;0;15;15;3;0;0;0;1740;5475;727;4;1
11;1101;110103;1;2;1;1;1;55;54;50;50;51;51;44;44;30;30;0;0;0;0;0;0;0;0;0;0;0;0;0;0;0;0;0;0;12;12;0;0;242;241;27;10;0;0;55492;91652;10987;50;213
11;1101;110104;1;2;1;6;1;14;17;19;28;16;16;13;13;10;10;5;4;5;7;3;2;17;10;0;0;2;1;2;4;5;4;5;6;13;8;0;0;129;130;14;8;0;5;34933;47163;8639;46;134
11;1101;110104;1;8;2;15;3;0;0;19;19;0;0;6;6;0;0;0;0;0;0;0;0;0;0;0;0;0;0;0;0;0;0;0;0;52;52;0;0;77;77;2;0;0;0;16243;26280;3106;13;121
12;1201;120102;1;2;1;1;1;32;32;24;24;30;30;20;20;0;0;0;0;0;0;0;0;0;0;0;0;0;0;0;0;0;0;0;0;0;0;0;0;106;106;20;0;0;27;25698;38690;6858;11;47
12;1205;120507;1;1;5;1;1;19;19;14;14;25;25;13;13;0;0;0;0;0;0;0;0;0;0;0;0;0;0;0;0;0;0;0;0;0;0;0;0;71;71;21;0;0;0;29870;25897;8797;52;100
12;1208;120850;1;1;5;1;1;16;16;4;4;22;22;9;9;0;0;0;0;0;0;0;0;0;0;0;0;0;0;0;0;0;0;0;0;0;0;0;0;51;51;4;0;0;10;9807;18615;2955;5;11
12;1206;120651;2;1;5;1;1;6;6;2;2;8;8;9;9;0;0;0;0;0;0;0;0;0;0;0;0;0;0;0;0;0;0;0;0;0;0;0;0;25;25;8;0;0;0;5175;6590;2018;2;19
12;1207;120750;1;1;5;1;1;7;7;3;3;7;7;3;3;0;0;0;0;0;0;0;0;0;0;0;0;0;0;0;0;0;0;0;0;0;0;0;0;20;20;7;1;0;0;5598;7830;2120;3;11
12;1202;120250;1;1;5;1;1;9;9;3;3;8;8;3;3;0;0;0;0;0;0;0;0;0;0;0;0;0;0;0;0;0;0;0;0;0;0;0;0;23;23;0;0;0;0;4194;8832;1348;3;5
12;1201;120101;1;2;1;6;1;22;22;7;7;30;30;18;18;0;0;1;1;0;0;0;0;10;10;1;1;0;0;2;2;6;6;6;6;0;0;17;17;120;120;22;9;4;27;33406;43800;7232;3;54
13;1306;130602;1;1;5;1;1;12;12;12;12;15;15;11;11;0;0;0;0;0;0;0;0;0;0;0;0;0;0;0;0;0;0;0;0;0;0;0;0;50;50;9;0;1;0;12545;18188;3776;1;10
13;1302;130250;1;1;5;1;1;13;12;3;6;11;11;13;11;0;0;0;0;0;0;0;0;0;0;0;0;0;0;0;0;0;0;0;0;0;0;0;0;40;40;11;0;0;0;8392;14441;3209;10;5
13;1312;131250;1;1;5;1;1;4;4;3;3;4;4;4;4;0;0;0;0;0;0;0;0;0;0;0;0;0;0;0;0;0;0;0;0;0;0;0;0;15;15;4;0;0;0;2714;5475;1118;4;3
13;1310;131050;1;1;5;1;1;3;3;3;3;6;6;3;3;0;0;0;0;0;0;0;0;0;0;0;0;0;0;0;0;0;0;0;0;0;0;0;0;15;15;7;0;0;3;3203;5517;1450;9;3
13;1305;130550;1;1;5;1;1;13;13;5;5;7;7;7;7;0;0;0;0;0;0;0;0;0;0;0;0;0;0;0;0;0;0;0;0;0;0;0;0;32;32;4;0;0;0;7367;11680;3042;1;2
13;1303;130301;1;2;1;1;1;23;23;18;18;18;18;12;12;8;8;0;0;0;0;0;0;0;0;0;0;0;0;0;0;0;0;0;0;0;0;0;0;79;79;11;5;1;7;21717;28831;6190;31;66
13;1314;131401;1;2;1;1;1;19;19;10;10;18;18;17;17;0;0;0;0;0;0;0;0;0;0;0;0;0;0;0;0;0;0;0;0;0;0;0;0;64;64;8;0;3;14;12186;23236;4015;5;14
13;1308;130802;1;2;1;1;1;60;56;60;59;50;50;34;42;16;18;0;0;0;0;0;0;0;0;0;0;0;0;0;0;0;0;0;0;0;0;0;0;220;225;7;8;0;8;63826;83821;12713;28;102
13;1301;130107;1;2;1;1;1;70;70;50;50;35;35;35;35;20;20;0;0;0;0;0;0;0;0;0;0;0;0;0;0;0;0;0;0;0;0;0;0;210;210;40;6;2;4;65899;79550;12535;16;185
13;1304;130401;1;1;5;1;1;4;3;1;2;7;7;3;3;0;0;0;0;0;0;0;0;0;0;0;0;0;0;0;0;0;0;0;0;0;0;0;0;15;15;4;0;0;3;4493;5450;1891;2;2
13;1308;130802;1;2;1;6;1;0;0;0;0;0;0;0;0;0;0;0;0;0;0;0;0;0;0;0;0;0;0;0;0;0;0;0;0;0;0;47;128;47;128;0;0;0;0;34930;46689;7573;20;101
13;1303;130301;1;1;5;6;1;14;14;8;8;4;4;2;2;0;0;2;2;0;0;0;0;4;4;0;0;0;0;0;0;2;2;3;3;0;0;0;0;39;39;8;0;0;0;9678;14235;2365;13;24
13;1301;130101;1;2;1;6;1;32;29;6;9;9;10;20;20;7;7;4;7;6;6;1;1;2;3;1;2;0;0;2;3;2;2;3;4;18;19;0;0;113;122;0;0;0;0;45712;47262;7128;12;122
14;1401;140150;1;2;1;1;1;16;16;17;17;20;20;13;13;4;4;0;0;0;0;0;0;0;0;0;0;0;0;0;0;0;0;0;0;0;0;0;0;70;70;10;3;0;5;20181;25258;5155;19;52
14;1402;140201;1;1;5;1;1;8;8;2;2;4;4;4;4;0;0;0;0;0;0;0;0;0;0;0;0;0;0;0;0;0;0;0;0;0;0;0;0;18;18;3;0;0;0;9752;12824;2911;16;15
14;1403;140350;1;1;5;1;1;8;8;3;3;8;8;6;6;0;0;0;0;0;0;0;0;0;0;0;0;0;0;0;0;0;0;0;0;0;0;0;0;25;25;0;0;0;6;5481;8816;1892;4;3
14;1405;140550;1;1;5;1;1;6;6;2;2;5;5;6;6;0;0;0;0;0;0;0;0;0;0;0;0;0;0;0;0;0;0;0;0;0;0;0;0;19;19;0;0;0;0;5763;6935;1625;3;4
14;1406;140650;1;1;5;1;1;16;15;8;7;14;14;12;12;0;0;0;0;0;0;0;0;0;0;0;0;0;0;0;0;0;0;0;0;0;0;0;0;50;48;0;0;0;0;11224;17503;3106;8;15
14;1409;140950;1;1;5;1;1;3;3;0;0;3;3;4;4;0;0;0;0;0;0;0;0;0;0;0;0;0;0;0;0;0;0;0;0;0;0;0;0;10;10;3;0;0;16;4660;3569;1277;1;2
14;1401;140150;1;1;5;6;1;5;5;4;4;4;4;5;5;0;0;0;0;0;0;0;0;0;0;0;0;0;0;0;0;0;0;0;0;0;0;0;0;18;18;5;0;0;5;2770;8030;676;0;1
15;1501;150150;1;2;1;1;1;26;15;12;10;27;27;24;21;19;12;0;0;0;0;0;0;12;6;0;0;0;0;0;0;0;0;0;0;0;0;0;0;120;91;22;6;0;0;20624;32794;6328;10;25
15;1507;150750;1;1;5;1;1;11;11;7;7;10;10;3;3;0;0;0;0;0;0;0;0;0;0;0;0;0;0;0;0;0;0;0;0;0;0;0;0;31;31;6;0;0;0;2425;11263;703;3;2
16;1601;160150;1;2;1;1;1;21;16;22;18;45;35;22;16;10;8;0;0;0;0;0;0;20;12;0;0;0;0;0;0;0;0;0;0;0;0;0;0;140;105;22;3;0;0;24702;34375;6733;14;31
16;1601;160150;1;1;5;6;1;5;5;5;5;7;7;4;4;0;0;1;1;0;0;0;0;5;5;0;0;0;0;1;1;1;1;1;1;0;0;0;0;30;30;18;0;0;0;6965;10950;2116;0;9
16;1601;160150;1;1;5;3;1;15;12;4;4;6;2;5;3;0;0;0;0;0;0;0;0;0;0;0;0;0;0;0;0;0;0;0;0;0;0;0;0;30;21;2;0;0;0;730;7665;301;0;0
17;1701;170101;1;11;1;9;1;0;0;0;0;0;0;0;0;4;4;0;0;0;0;0;0;0;0;0;0;0;0;0;0;0;0;0;0;0;0;101;93;105;97;11;9;0;0;22963;35422;4873;10;63
17;1701;170113;1;4;1;1;1;0;0;0;0;164;163;0;0;63;62;0;0;0;0;0;0;0;0;0;0;0;0;0;0;0;0;0;0;0;0;0;0;227;225;4;18;0;20;61293;82026;9550;27;75
17;1701;170113;1;11;1;1;1;37;34;30;27;11;11;0;0;0;0;16;16;20;20;0;0;57;54;0;0;12;12;9;9;18;18;18;18;188;183;0;0;416;402;36;23;14;17;111907;145810;14346;38;242
17;1701;170123;1;5;1;1;1;36;32;30;27;0;0;0;0;21;19;0;0;34;22;0;0;30;29;25;16;0;0;0;0;0;0;0;0;91;90;0;0;267;235;28;13;0;0;74282;85470;7451;20;157
17;1701;170107;1;2;1;1;1;52;48;74;71;52;52;50;50;21;21;0;0;0;0;0;0;36;37;12;11;0;0;0;0;10;10;0;0;22;21;0;0;329;321;33;7;0;0;89094;117141;14094;60;168
17;1701;170106;1;2;1;1;1;60;52;60;56;40;34;17;17;21;22;0;0;21;11;0;0;42;42;9;9;0;0;0;0;0;0;0;0;0;0;0;0;270;243;42;7;12;8;69385;88900;12683;41;140
17;1701;170106;1;10;2;1;1;0;0;0;0;0;0;0;0;0;0;0;0;0;0;0;0;0;0;0;0;0;0;0;0;0;0;0;0;51;49;0;0;51;49;0;0;0;0;14291;17924;1460;78;182
17;1702;170202;1;1;5;1;1;4;4;5;5;9;9;7;7;0;0;0;0;0;0;0;0;0;0;0;0;0;0;0;0;0;0;0;0;0;0;0;0;25;25;12;0;0;0;6885;10466;2396;3;4
17;1701;170185;2;1;5;1;1;8;8;6;6;14;13;8;10;0;0;0;0;0;0;0;0;0;0;0;0;0;0;0;0;0;0;0;0;0;0;0;0;36;37;36;0;0;0;10094;13145;4056;2;6
17;1705;170501;1;1;5;1;1;3;3;6;6;7;7;4;4;0;0;0;0;0;0;0;0;0;0;0;0;0;0;0;0;0;0;0;0;0;0;0;0;20;20;16;0;0;9;4704;7252;1997;2;0
17;1703;170350;1;1;5;1;1;1;1;4;4;7;7;3;3;0;0;0;0;0;0;0;0;0;0;0;0;0;0;0;0;0;0;0;0;0;0;0;0;15;15;14;0;0;0;5001;5922;1973;0;2
17;1701;170169;2;1;5;1;1;4;4;0;0;7;7;4;4;0;0;0;0;0;0;0;0;0;0;0;0;0;0;0;0;0;0;0;0;0;0;0;0;15;15;2;0;0;0;1928;5472;591;1;0
17;1701;170156;2;6;2;1;1;0;0;0;0;0;0;0;0;0;0;0;0;0;0;108;96;0;0;0;0;0;0;0;0;0;0;0;0;38;38;0;0;146;134;2;0;0;1;97105;51326;630;0;0
17;1701;170130;1;11;1;6;1;16;16;41;41;67;67;19;19;43;43;17;16;28;28;10;10;53;53;18;18;8;8;10;10;33;33;23;23;222;227;0;0;608;612;0;0;0;0;179480;223106;27761;63;267
17;1701;170113;1;11;1;3;1;0;0;0;0;0;0;0;0;0;0;0;0;0;0;0;0;0;0;0;0;0;0;0;0;0;0;0;0;0;0;220;199;220;199;11;12;0;0;53174;72636;9860;34;136
17;1701;170126;1;2;1;18;2;0;0;0;0;0;0;0;0;13;13;0;0;0;0;0;0;0;0;0;0;0;0;0;0;0;0;0;0;0;0;81;81;94;94;6;4;1;0;15290;34158;4182;9;53
18;1801;180105;1;2;1;1;1;50;53;50;50;43;43;40;40;20;18;0;0;0;0;0;0;20;20;0;0;0;0;0;0;0;0;0;0;0;0;0;0;223;224;20;4;0;0;76715;80912;14871;82;373
18;1802;180250;1;1;5;1;1;11;10;5;5;7;7;5;5;0;0;0;0;0;0;0;0;0;0;0;0;0;0;0;0;0;0;0;0;0;0;0;0;28;27;19;0;0;0;4110;10220;1187;5;8
18;1807;180701;1;1;5;1;1;4;7;4;0;9;9;2;3;0;0;0;0;0;0;0;0;0;0;0;0;0;0;0;0;0;0;0;0;0;0;0;0;19;19;7;0;0;0;4775;6935;1714;0;1
18;1808;180850;1;1;5;1;1;6;6;2;2;9;9;3;3;0;0;0;0;0;0;0;0;0;0;0;0;0;0;0;0;0;0;0;0;0;0;0;0;20;20;5;0;0;0;2779;7300;981;1;0
18;1801;180101;1;2;1;6;1;36;36;31;31;36;36;27;27;15;15;5;5;0;0;1;1;26;26;0;0;1;1;4;4;12;12;2;2;19;19;0;0;215;215;34;15;11;72;70823;78475;14233;56;224
18;1801;180102;1;1;5;11;1;10;10;6;6;6;6;20;20;7;7;0;0;0;0;0;0;0;0;0;0;0;0;0;0;0;0;0;0;0;0;5;5;54;54;0;0;0;0;3792;19710;1609;1;1
19;1901;190150;1;2;1;1;1;16;16;11;11;13;13;17;14;0;0;0;0;0;0;0;0;0;0;0;0;0;0;0;0;0;0;0;0;0;0;0;0;57;54;6;0;0;1;9892;19796;3485;4;8
19;1905;190550;1;1;5;1;1;18;18;10;10;14;14;12;12;0;0;0;0;0;0;0;0;0;0;0;0;0;0;0;0;0;0;0;0;0;0;0;0;54;54;17;0;0;9;8092;19710;3210;4;5
19;1902;190250;1;1;5;1;1;6;6;3;3;3;3;3;3;0;0;0;0;0;0;0;0;0;0;0;0;0;0;0;0;0;0;0;0;0;0;0;0;15;15;3;0;0;2;3199;5475;967;0;3
21;2101;210150;1;2;1;1;1;32;32;32;36;64;64;32;32;0;0;0;0;0;0;0;0;0;0;0;0;0;0;0;0;0;0;0;0;0;0;0;0;160;164;29;7;0;0;38826;60076;9098;48;165
21;2104;210450;1;1;5;1;1;8;8;4;4;12;12;8;8;0;0;0;0;0;0;0;0;0;0;0;0;0;0;0;0;0;0;0;0;0;0;0;0;32;32;4;0;0;4;7251;11680;2774;2;3
22;2201;220150;1;1;5;1;1;11;11;11;11;22;22;16;16;0;0;0;0;0;0;0;0;0;0;0;0;0;0;0;0;0;0;0;0;0;0;0;0;60;60;17;0;0;3;20700;24759;5472;8;32
22;2202;220250;1;1;5;16;1;13;14;3;2;2;2;3;3;0;0;0;0;0;0;0;0;0;0;0;0;0;0;0;0;0;0;0;0;0;0;0;0;21;21;0;0;0;9;318;8250;114;1;0
22;2201;220150;1;1;5;3;1;8;8;4;4;3;3;3;3;0;0;0;0;0;0;0;0;8;8;0;0;0;0;0;0;0;0;0;0;0;0;0;0;26;26;0;0;0;0;293;9490;74;0;0
23;2301;230107;1;2;1;1;1;57;57;37;37;60;60;26;26;28;28;0;0;0;0;0;0;0;0;0;0;0;0;0;0;0;0;0;0;0;0;0;0;208;208;25;16;6;26;66573;75940;14188;54;242
24;2403;240303;1;1;5;1;1;3;3;4;4;6;6;2;2;0;0;0;0;0;0;0;0;0;0;0;0;0;0;0;0;0;0;0;0;0;0;0;0;15;15;8;0;0;6;5023;5486;2371;1;1
24;2402;240250;1;1;5;1;1;3;3;3;3;9;9;7;7;0;0;0;0;0;0;0;0;0;0;0;0;0;0;0;0;0;0;0;0;0;0;0;0;22;22;8;0;0;6;5261;8033;2036;2;5
24;2401;240102;1;2;1;1;1;26;26;23;23;22;22;15;15;10;10;0;0;0;0;0;0;0;0;0;0;0;0;0;0;0;0;0;0;0;0;0;0;96;96;9;7;6;17;30016;35130;8138;38;114
24;2401;240156;2;1;5;6;1;10;9;8;10;9;12;9;7;0;0;1;1;0;0;0;0;3;3;0;0;0;0;2;1;3;2;0;0;0;0;0;0;45;45;0;0;0;0;10283;16241;2691;1;9
24;2401;240154;2;1;5;1;1;6;6;1;1;5;5;3;3;0;0;0;0;0;0;0;0;0;0;0;0;0;0;0;0;0;0;0;0;0;0;0;0;15;15;4;0;0;0;3281;5472;1580;0;0
23;2301;230102;1;2;1;1;1;43;51;10;10;0;0;20;12;0;0;0;0;0;0;0;0;0;0;0;0;0;0;0;0;0;0;0;0;0;0;0;0;73;73;8;0;0;6;16770;26643;2841;5;56
05;0507;050750;1;1;5;1;1;6;7;7;7;10;10;5;5;0;0;0;0;0;0;0;0;0;0;0;0;0;0;0;0;0;0;0;0;0;0;0;0;28;29;14;0;0;5;1546;9884;466;0;2
09;0901;090112;1;1;5;18;2;0;0;0;0;0;0;0;0;0;0;0;0;0;0;0;0;0;0;0;0;0;0;0;0;0;0;0;0;0;0;13;13;13;13;0;0;0;0;144;4745;58;1;0
20;2001;200150;1;2;1;1;1;8;8;5;5;6;6;4;4;7;7;0;0;0;0;0;0;0;0;0;0;0;0;0;0;0;0;0;0;0;0;0;0;30;30;6;0;4;0;2678;9893;702;1;4
20;2003;200350;1;1;5;1;1;4;4;4;4;4;4;3;3;0;0;0;0;0;0;0;0;0;0;0;0;0;0;0;0;0;0;0;0;0;0;0;0;15;15;5;0;1;3;2826;5586;1126;4;8
13;1311;131150;1;1;5;1;1;8;8;8;7;8;8;8;8;0;0;0;0;0;0;0;0;0;0;0;0;0;0;0;0;0;0;0;0;0;0;0;0;32;31;7;0;0;0;3105;9895;1278;3;3
17;1701;170102;1;2;1;6;1;42;42;42;42;22;22;22;22;0;0;0;0;0;0;0;0;0;0;0;0;0;0;0;0;0;0;0;0;0;0;0;0;128;128;0;0;0;0;36709;46720;8175;30;81
23;2301;230107;1;2;1;6;1;33;33;21;21;29;29;20;20;12;12;0;0;0;0;0;0;6;6;0;0;0;0;0;0;6;6;0;0;0;0;0;0;127;127;0;6;0;0;34840;48545;7824;28;119
13;1308;130803;1;1;5;3;1;0;0;0;0;0;0;0;0;0;0;0;0;0;0;0;0;0;0;0;0;0;0;0;0;0;0;0;0;0;0;16;16;16;16;0;0;0;0;319;5840;262;0;0
24;2403;240303;1;1;5;3;1;5;5;3;3;2;2;2;2;0;0;0;0;0;0;0;0;4;4;2;2;2;2;0;0;0;0;0;0;0;0;0;0;20;20;0;0;0;0;372;7300;181;0;0
07;0709;070903;1;1;5;3;1;13;13;4;4;4;4;4;4;0;0;0;0;0;0;0;0;3;3;0;0;0;0;0;0;0;0;0;0;0;0;2;2;30;30;0;0;0;0;1314;10950;386;0;1
11;1101;110101;1;1;5;3;1;20;20;7;7;4;4;4;4;0;0;0;0;0;0;0;0;5;5;0;0;0;0;0;0;0;0;0;0;0;0;0;0;40;40;0;0;0;0;1760;14590;594;1;4
08;0801;080104;1;1;5;3;1;8;7;6;5;0;1;6;6;0;0;0;0;0;0;0;0;0;2;0;0;0;0;0;0;0;0;0;0;0;0;0;0;20;21;4;0;0;1;1374;7300;326;1;2
13;1308;130802;1;11;1;18;2;0;0;0;0;0;0;0;0;0;0;21;21;0;0;0;0;0;0;0;0;0;0;0;0;0;0;0;0;27;27;0;0;48;48;7;31;0;0;7354;17520;1191;23;74
23;2301;230101;1;1;5;18;2;4;4;4;4;4;4;0;0;13;13;0;0;0;0;0;0;6;6;0;0;0;0;0;0;0;0;0;0;0;0;0;0;31;31;3;0;0;0;66;11315;36;0;0
02;0201;020102;1;32;1;18;2;0;0;0;0;2;2;0;0;0;0;0;0;0;0;0;0;0;0;0;0;0;0;0;0;0;0;0;0;0;0;4;4;6;6;0;0;0;0;236;2004;148;0;0
09;0912;091250;1;1;5;18;2;11;11;2;2;0;0;0;0;0;0;0;0;0;0;0;0;0;0;0;0;0;0;0;0;0;0;0;0;0;0;0;0;13;13;0;0;0;0;732;4745;507;0;0
09;0914;091450;1;32;1;17;3;0;0;0;0;0;0;0;0;0;0;0;0;0;0;0;0;0;0;0;0;0;0;0;0;0;0;0;0;0;0;13;13;13;13;0;0;0;0;45;4745;35;0;0
09;0914;091452;2;32;1;17;3;0;0;0;0;0;0;0;0;0;0;0;0;0;0;0;0;0;0;0;0;0;0;0;0;0;0;0;0;0;0;7;7;7;7;0;0;0;0;50;2555;50;0;0
24;2403;240352;2;1;5;18;2;2;2;0;0;0;0;0;0;0;0;0;0;0;0;0;0;0;0;0;0;0;0;0;0;0;0;0;0;0;0;7;7;9;9;0;0;0;0;344;3285;199;0;0
09;0901;090109;1;6;2;13;3;0;0;0;0;0;0;0;0;0;0;0;0;0;0;152;152;0;0;0;0;0;0;0;0;0;0;0;0;0;0;0;0;152;152;0;0;0;0;38274;55486;997;0;0
09;0901;090103;1;11;1;18;2;0;0;0;0;0;0;0;0;0;0;0;0;0;0;0;0;0;0;0;0;0;0;0;0;0;0;0;0;0;0;82;82;82;82;21;10;18;0;19256;29930;2333;28;188
09;0921;092150;1;2;1;18;2;0;0;0;0;0;0;5;5;0;0;0;0;0;0;0;0;30;30;0;0;0;0;0;0;0;0;0;0;0;0;0;0;35;35;4;1;0;0;6510;12775;1391;1;0
09;0910;091050;1;1;5;18;2;0;0;0;0;2;2;1;1;0;0;0;0;0;0;0;0;5;5;0;0;0;0;0;0;0;0;0;0;0;0;22;22;30;30;3;10;0;0;6126;10950;2117;0;2
17;1701;170124;1;12;3;18;2;0;0;0;0;0;0;0;0;0;0;0;0;0;0;0;0;0;0;0;0;0;0;0;0;0;0;0;0;0;0;10;10;10;10;0;0;0;0;719;3650;430;0;0
17;1701;170109;1;12;3;18;2;0;0;0;0;0;0;0;0;0;0;0;0;0;0;0;0;0;0;0;0;0;0;0;0;0;0;0;0;0;0;9;9;9;9;0;0;0;0;516;3294;97;0;0
17;1701;170103;1;12;3;18;2;10;10;10;10;0;0;0;0;0;0;0;0;0;0;0;0;12;12;6;6;0;0;0;0;1;1;1;1;4;4;0;0;44;44;3;9;4;4;7888;16060;780;17;96
17;1701;170124;1;12;3;18;2;0;0;0;0;0;0;0;0;0;0;0;0;0;0;0;0;0;0;0;0;0;0;0;0;0;0;0;0;0;0;30;30;30;30;0;9;0;0;7673;10950;1269;8;69
17;1701;170106;1;12;3;18;2;0;0;0;0;0;0;0;0;0;0;0;0;0;0;0;0;0;0;0;0;0;0;0;0;0;0;0;0;0;0;12;12;12;12;4;4;0;2;2155;4380;765;4;8
17;1701;170117;1;2;1;18;2;0;0;0;0;0;0;0;0;0;0;0;0;0;0;0;0;0;0;0;0;0;0;0;0;0;0;0;0;10;10;12;15;22;25;17;7;0;0;10173;9004;2481;5;35
17;1701;170103;1;12;3;18;2;0;0;0;0;0;0;0;0;0;0;0;0;0;0;0;0;0;0;0;0;0;0;0;0;0;0;0;0;0;0;23;23;23;23;0;0;0;0;3790;8395;182;6;44
17;1701;170101;1;12;3;18;2;0;0;0;0;0;0;0;0;0;0;0;0;0;0;27;26;0;0;0;0;0;0;0;0;0;0;0;0;85;67;0;0;112;93;0;0;0;0;19407;33780;363;5;69
17;1701;170121;1;12;3;18;2;0;0;0;0;0;0;0;0;2;2;0;0;0;0;0;0;0;0;0;0;0;0;0;0;0;0;0;0;0;0;13;13;15;15;0;5;0;0;2122;5475;324;5;15
17;1701;170112;1;12;3;17;3;0;0;0;0;0;0;0;0;0;0;0;0;0;0;0;0;0;0;0;0;0;0;0;0;0;0;0;0;0;0;53;53;53;53;4;6;0;0;16178;19345;4974;15;40
17;1701;170157;2;2;1;18;2;12;12;9;9;9;9;15;15;4;4;4;4;3;3;2;2;7;7;0;0;2;2;3;3;3;3;3;3;8;8;0;0;84;84;18;12;4;6;13908;30660;3991;13;33
17;1701;170130;1;2;1;18;2;0;0;0;0;0;0;13;13;7;7;0;0;0;0;0;0;0;0;0;0;0;0;0;0;0;0;0;0;1;1;26;26;47;47;0;7;7;0;11336;17155;1025;6;65
17;1701;170110;1;6;2;18;2;0;0;0;0;0;0;0;0;0;0;0;0;0;0;190;190;0;0;0;0;0;0;0;0;0;0;0;0;48;48;0;0;238;238;0;0;0;0;79641;86870;663;11;137
17;1701;170129;1;8;2;15;3;0;0;50;50;0;0;46;46;0;0;0;0;0;0;0;0;0;0;0;0;0;0;0;0;0;0;0;0;56;56;0;0;152;152;0;10;0;0;33867;55480;7266;32;109
12;1201;120102;1;1;5;18;2;0;0;0;0;0;0;0;0;8;8;0;0;0;0;0;0;0;0;0;0;0;0;0;0;0;0;0;0;0;0;19;19;27;27;2;0;0;3;593;9855;399;1;0
12;1204;120452;2;32;1;18;2;0;0;0;0;0;0;0;0;0;0;0;0;0;0;0;0;0;0;0;0;0;0;0;0;0;0;0;0;0;0;9;9;9;9;0;0;0;0;350;3285;157;0;0
12;1210;121050;1;32;1;18;2;0;0;1;1;1;1;1;1;0;0;0;0;0;0;0;0;0;0;0;0;0;0;0;0;0;0;0;0;0;0;11;11;14;14;0;0;0;0;705;5110;276;19;1
12;1205;120550;1;32;1;18;2;0;0;0;0;0;0;0;0;4;4;0;0;0;0;0;0;0;0;0;0;0;0;0;0;0;0;0;0;0;0;8;8;12;12;0;0;0;0;442;4380;425;0;0
09;0920;092050;1;32;1;18;2;6;6;2;2;3;3;1;1;2;2;0;0;0;0;0;0;0;0;0;0;0;0;0;0;0;0;0;0;0;0;0;0;14;14;0;0;0;0;870;5110;101;0;0
12;1210;121050;1;32;1;18;2;0;0;0;0;1;1;1;1;1;1;0;0;0;0;0;0;0;0;0;0;0;0;0;0;0;0;0;0;0;0;13;13;16;16;1;0;0;0;296;5840;295;0;0
12;1210;121050;1;1;5;18;2;4;4;4;4;5;5;3;3;3;3;0;0;0;0;0;0;3;3;0;0;0;0;0;0;2;2;0;0;0;0;4;4;28;28;3;0;2;0;1545;10220;1128;0;0
12;1201;120102;1;32;1;18;2;0;0;0;0;0;0;0;0;0;0;0;0;0;0;0;0;0;0;0;0;0;0;0;0;0;0;0;0;0;0;9;9;9;9;0;0;0;0;52;3285;43;0;0
12;1205;120501;1;32;1;18;2;9;9;0;0;2;2;0;0;0;0;0;0;0;0;0;0;0;0;0;0;0;0;0;0;0;0;0;0;0;0;0;0;11;11;2;0;0;0;102;4015;52;5;0
12;1205;120502;1;32;1;18;2;0;0;0;0;0;0;2;2;0;0;0;0;0;0;0;0;0;0;0;0;0;0;0;0;0;0;0;0;0;0;10;10;12;12;2;0;0;0;156;4380;82;0;0
12;1205;120501;1;32;1;18;2;0;0;0;0;0;0;0;0;0;0;0;0;0;0;0;0;0;0;0;0;0;0;0;0;0;0;0;0;0;0;12;12;12;12;0;2;0;0;181;4380;129;0;0
12;1205;120506;1;32;1;18;2;0;0;0;0;7;7;1;1;0;0;0;0;0;0;0;0;0;0;0;0;0;0;0;0;0;0;0;0;0;0;0;0;8;8;0;0;0;0;240;2920;151;5;0
23;2301;230106;1;32;1;18;2;0;0;1;1;1;1;1;1;0;0;0;0;0;0;0;0;0;0;0;0;0;0;0;0;0;0;0;0;0;0;7;7;10;10;1;0;0;0;147;3650;122;0;0
09;0924;092450;1;32;1;18;2;4;4;0;0;0;0;0;0;0;0;0;0;0;0;0;0;0;0;0;0;0;0;0;0;0;0;0;0;0;0;4;4;8;8;1;0;0;0;427;2920;336;0;0
09;0901;090112;1;1;5;18;2;0;0;4;4;6;6;0;0;0;0;0;0;0;0;0;0;20;20;0;0;0;0;0;0;0;0;0;0;0;0;0;0;30;30;0;0;14;0;232;12045;101;0;0
09;0901;090105;1;32;1;18;2;0;0;0;0;0;0;0;0;0;0;0;0;0;0;0;0;0;0;0;0;0;0;0;0;0;0;0;0;0;0;6;5;6;5;0;1;0;0;250;1638;72;0;0
17;1701;170121;1;12;3;18;2;0;0;0;0;0;0;0;0;0;0;0;0;0;0;0;0;0;0;0;0;0;0;0;0;0;0;0;0;0;0;11;11;11;11;0;0;0;0;598;4015;352;0;0
07;0701;070102;1;12;3;18;2;0;0;0;0;0;0;0;0;0;0;0;0;0;0;0;0;0;0;0;0;0;0;0;0;0;0;0;0;0;0;3;3;3;3;1;0;0;0;112;1095;109;3;1
09;0901;090113;1;1;5;18;2;4;4;5;5;3;3;2;2;2;2;0;0;0;0;0;0;5;5;0;0;0;0;0;0;0;0;0;0;0;0;3;3;24;24;4;0;0;2;772;8760;525;1;0
09;0901;090106;1;32;1;18;2;0;0;0;0;9;9;0;0;0;0;0;0;0;0;0;0;0;0;0;0;0;0;0;0;0;0;0;0;0;0;0;0;9;9;0;0;0;0;8;3285;8;0;0
23;2302;230250;1;32;1;18;2;0;0;0;0;0;0;0;0;0;0;0;0;0;0;0;0;0;0;0;0;0;0;0;0;0;0;0;0;0;0;3;3;3;3;0;0;1;1;128;1095;80;10;0
17;1701;170106;1;12;3;18;2;0;0;0;0;0;0;0;0;0;0;0;0;0;0;0;0;0;0;0;0;0;0;0;0;0;0;0;0;0;0;1;1;1;1;0;0;0;0;3;365;2;0;0
17;1701;170114;1;12;3;18;2;0;0;0;0;0;0;0;0;1;1;0;0;0;0;0;0;0;0;0;0;0;0;0;0;0;0;0;0;0;0;7;7;8;8;0;0;0;0;56;2920;36;0;0
01;0101;010101;1;12;3;17;3;0;0;0;0;0;0;0;0;0;0;0;0;0;0;0;0;0;0;0;0;0;0;0;0;0;0;0;0;0;0;8;8;8;8;0;0;0;0;212;2920;150;0;0
17;1701;170112;1;17;2;17;3;0;0;0;0;0;0;0;0;0;0;0;0;0;0;0;0;0;0;0;0;0;0;0;0;0;0;0;0;0;0;51;51;51;51;0;0;0;0;17567;18615;78;4;66
08;0801;080101;1;12;3;18;2;0;0;0;0;0;0;0;0;0;0;0;0;0;0;0;0;0;0;0;0;0;0;0;0;0;0;0;0;0;0;8;8;8;8;0;0;0;1;164;2920;164;0;0
17;1701;170117;1;12;3;18;2;0;0;0;0;0;0;0;0;0;0;0;0;0;0;0;0;0;0;0;0;0;0;0;0;0;0;0;0;0;0;2;2;2;2;2;0;0;1;465;730;89;0;0
09;0901;090108;1;32;1;18;2;0;0;0;0;0;0;0;0;0;0;0;0;0;0;0;0;0;0;0;0;0;0;0;0;0;0;0;0;0;0;5;5;5;5;0;0;0;0;35;1825;35;0;0
09;0901;090112;1;32;1;18;2;0;0;2;2;2;2;0;0;0;0;0;0;0;0;0;0;0;0;0;0;0;0;0;0;0;0;0;0;0;0;3;3;7;7;2;0;0;0;75;2338;73;1;0
12;1207;120750;1;32;1;18;2;0;0;0;0;0;0;0;0;0;0;0;0;0;0;0;0;0;0;0;0;0;0;0;0;0;0;0;0;0;0;10;10;10;10;0;0;0;0;117;3650;117;0;0
21;2101;210150;1;11;1;18;2;36;36;36;36;18;18;11;11;0;0;0;0;0;0;0;0;18;18;0;0;0;0;0;0;0;0;0;0;0;0;0;0;119;119;0;0;0;0;1471;43435;903;4;1
06;0601;060150;1;1;5;18;2;0;0;0;0;0;0;0;0;0;0;0;0;0;0;0;0;0;0;0;0;0;0;0;0;0;0;0;0;0;0;7;7;7;7;0;0;0;0;659;2555;390;0;0
06;0601;060101;1;1;5;18;2;0;0;0;0;0;0;0;0;0;0;0;0;0;0;0;0;0;0;0;0;0;0;0;0;0;0;0;0;0;0;8;8;8;8;0;0;0;0;1116;2920;695;7;1
23;2301;230102;1;32;1;17;3;0;0;0;0;0;0;0;0;0;0;0;0;0;0;0;0;0;0;0;0;0;0;0;0;0;0;0;0;0;0;13;13;13;13;3;1;0;2;237;4745;134;0;0
23;2301;230107;1;2;1;18;2;0;0;0;0;0;0;0;0;5;5;0;0;0;0;0;0;0;0;0;0;0;0;0;0;0;0;0;0;1;1;46;46;52;52;6;6;6;0;21324;18980;2652;15;93
12;1205;120506;1;32;1;17;3;0;0;2;2;12;12;2;2;0;0;0;0;0;0;0;0;0;0;0;0;0;0;0;0;0;0;0;0;0;0;0;0;16;16;0;0;0;0;549;5840;541;0;0
17;1701;170184;2;12;3;18;2;11;11;0;0;0;0;1;1;0;0;0;0;0;0;0;0;0;0;0;0;0;0;0;0;0;0;0;0;0;0;0;0;12;12;0;0;0;0;1782;4380;845;2;3
07;0701;070101;1;1;5;18;2;2;2;3;3;3;3;0;0;0;0;0;0;0;0;0;0;8;8;0;0;0;0;0;0;0;0;0;0;0;0;2;2;18;18;2;0;0;0;1740;6570;1149;1;1
01;0101;010101;1;12;3;18;2;9;9;2;2;2;2;0;0;0;0;0;0;0;0;0;0;0;0;0;0;0;0;0;0;0;0;0;0;0;0;0;0;13;13;0;0;0;0;2677;4745;1433;1;3
01;0101;010101;1;1;5;17;3;0;0;0;0;0;0;0;0;2;2;0;0;0;0;0;0;0;0;0;0;0;0;0;0;0;0;0;0;0;0;15;15;17;17;0;0;0;0;377;6205;256;0;0
07;0701;070104;1;12;3;18;2;0;0;0;0;0;0;0;0;0;0;0;0;0;0;0;0;0;0;0;0;0;0;0;0;0;0;0;0;0;0;6;6;6;6;0;1;0;0;176;1088;174;0;0
09;0904;090450;1;11;1;18;2;0;0;0;0;0;0;4;4;0;0;0;0;0;0;0;0;0;0;0;0;0;0;0;0;0;0;0;0;0;0;10;10;14;14;0;0;0;0;156;5110;114;0;0
09;0908;090850;1;32;1;18;2;0;0;0;0;0;0;0;0;0;0;0;0;0;0;0;0;0;0;0;0;0;0;0;0;0;0;0;0;0;0;13;13;13;13;0;0;0;0;59;4745;59;0;0
09;0908;090850;1;32;1;18;2;0;0;0;0;6;6;0;0;1;1;0;0;0;0;0;0;0;0;0;0;0;0;0;0;0;0;0;0;0;0;7;7;14;14;0;0;0;0;337;5110;310;0;0
09;0908;090850;1;32;1;18;2;0;0;0;0;0;0;0;0;4;4;0;0;0;0;0;0;0;0;0;0;0;0;0;0;0;0;0;0;0;0;5;5;9;9;0;0;0;0;25;3285;25;0;0
09;0908;090850;1;32;1;18;2;8;8;0;0;0;0;0;0;0;0;0;0;0;0;0;0;0;0;0;0;0;0;0;0;0;0;0;0;0;0;0;0;8;8;0;0;0;0;218;2920;218;0;0
09;0908;090850;1;32;1;18;2;2;2;4;4;4;4;0;0;0;0;0;0;0;0;0;0;0;0;0;0;0;0;0;0;0;0;0;0;0;0;0;0;10;10;2;0;1;0;302;3650;302;0;0
17;1701;170109;1;1;5;11;1;0;0;0;0;19;16;4;0;10;10;0;0;0;0;0;0;0;0;0;0;0;0;0;0;0;0;0;0;0;0;0;0;33;26;7;0;0;0;5692;9595;2347;1;0
17;1701;170155;2;2;1;1;1;53;53;42;40;34;34;28;28;15;15;0;0;0;0;0;0;0;0;0;0;0;0;0;0;0;0;0;0;0;0;0;0;172;170;48;17;0;0;50468;62090;11461;49;163
17;1701;170103;1;1;5;17;3;0;0;0;0;0;0;0;0;0;0;0;0;0;0;0;0;0;0;0;0;0;0;0;0;0;0;0;0;10;10;0;0;10;10;0;0;0;0;597;3650;553;0;1
17;1701;170101;1;12;3;18;2;0;0;0;0;0;0;0;0;0;0;0;0;0;0;0;0;0;0;0;0;0;0;0;0;0;0;0;0;0;0;16;14;16;14;5;1;0;0;1393;5106;534;4;3
10;1001;100104;1;12;3;18;2;0;0;0;0;0;0;0;0;0;0;0;0;0;0;0;0;0;0;0;0;0;0;0;0;0;0;0;0;0;0;6;6;6;6;0;0;0;0;40;2190;40;0;0
10;1002;100202;1;12;3;18;2;0;0;0;0;0;0;0;0;0;0;0;0;0;0;0;0;0;0;0;0;0;0;0;0;0;0;0;0;0;0;7;7;7;7;0;0;0;0;290;2555;178;0;1
08;0804;080450;1;12;3;18;2;1;3;2;3;5;3;2;1;0;0;2;1;0;0;0;0;1;0;0;0;0;0;0;0;0;0;0;0;0;0;0;0;13;11;1;0;1;1;131;3755;131;0;0
17;1701;170102;1;12;3;18;2;0;0;0;0;2;2;0;0;2;2;0;0;0;0;0;0;0;0;0;0;0;0;0;0;0;0;0;0;0;0;3;3;7;7;2;2;0;0;410;2555;147;0;2
17;1701;170180;2;12;3;18;2;0;0;3;3;0;0;0;0;2;2;0;0;0;0;0;0;0;0;0;0;0;0;0;0;0;0;0;0;0;0;7;7;12;12;0;0;0;3;129;4380;88;0;0
17;1701;170106;1;1;5;17;3;0;0;0;0;5;5;0;0;1;1;0;0;0;0;0;0;0;0;1;1;0;0;0;0;0;0;0;0;4;4;0;0;11;11;0;0;0;0;154;4015;97;0;0
17;1701;170112;1;12;3;18;2;0;0;0;0;0;0;0;0;0;0;0;0;0;0;0;0;0;0;0;0;0;0;0;0;0;0;0;0;0;0;9;9;9;9;0;0;0;2;472;3285;306;0;0
17;1701;170113;1;12;3;18;2;0;0;0;0;0;0;0;0;0;0;0;0;0;0;0;0;0;0;0;0;0;0;0;0;0;0;0;0;0;0;21;21;21;21;0;5;1;0;856;7665;466;0;1
05;0501;050104;1;12;3;18;2;12;12;0;0;0;0;0;0;2;2;0;0;0;0;0;0;0;0;0;0;0;0;0;0;0;0;0;0;0;0;12;12;26;26;0;0;0;0;626;9490;378;1;1
05;0501;050104;1;12;3;18;2;0;0;0;0;0;0;0;0;0;0;0;0;0;0;0;0;0;0;0;0;0;0;0;0;0;0;0;0;0;0;10;10;10;10;0;0;0;0;874;3650;509;0;3
05;0505;050550;1;1;5;18;2;0;0;0;0;0;0;0;0;0;0;0;0;0;0;0;0;0;0;0;0;0;0;0;0;0;0;0;0;0;0;4;4;4;4;0;0;0;0;87;1464;68;1;0
06;0601;060104;1;1;5;18;2;0;0;1;1;1;1;1;1;0;0;0;0;0;0;0;0;0;0;0;0;0;0;0;0;0;0;0;0;0;0;8;8;11;11;0;0;0;0;355;4015;195;0;0
18;1801;180104;1;12;3;18;2;4;4;2;2;4;4;2;2;0;0;0;0;0;0;0;0;0;0;0;0;0;0;0;0;0;0;0;0;0;0;10;10;22;22;1;0;1;0;661;7730;400;0;0
17;1701;170111;1;4;1;1;1;0;0;0;0;129;95;43;17;35;43;0;0;0;0;0;0;0;0;0;0;0;0;0;0;0;0;0;0;0;0;0;0;207;155;0;62;0;0;33703;56408;7109;36;84
17;1701;170127;1;2;1;17;3;0;0;0;0;0;0;0;0;0;0;0;0;0;0;0;0;0;0;0;0;0;0;0;0;0;0;0;0;0;0;75;75;75;75;0;5;0;0;19758;27375;6752;12;28
17;1701;170112;1;12;3;18;2;0;0;0;0;25;25;0;0;9;9;0;0;0;0;0;0;0;0;0;0;0;0;0;0;0;0;0;0;0;0;0;0;34;34;0;2;0;0;3700;12410;1987;0;0
17;1701;170123;1;12;3;18;2;0;0;0;0;0;0;0;0;0;0;0;0;0;0;0;0;0;0;0;0;0;0;0;0;0;0;0;0;0;0;39;39;39;39;3;7;2;0;7691;14235;3240;0;3
17;1701;170114;1;12;3;18;2;0;0;0;0;0;0;0;0;4;4;0;0;0;0;0;0;0;0;0;0;0;0;0;0;0;0;0;0;0;0;20;20;24;24;2;0;2;0;3864;8760;3003;1;0
17;1701;170101;1;12;3;18;2;0;0;0;0;0;0;0;0;0;0;0;0;0;0;0;0;0;0;0;0;0;0;0;0;0;0;0;0;0;0;10;10;10;10;0;0;0;0;1096;3650;589;0;0
17;1701;170130;1;12;3;18;2;0;0;0;0;0;0;0;0;3;4;0;0;0;0;0;0;0;0;0;0;0;0;0;0;0;0;0;0;0;0;19;19;22;23;0;0;0;0;3501;8185;1450;1;0
17;1701;170112;1;12;3;18;2;0;0;0;0;0;0;0;0;0;0;0;0;0;0;0;0;0;0;0;0;0;0;0;0;0;0;0;0;0;0;9;9;9;9;0;0;0;0;2851;3285;712;0;0
17;1701;170123;1;12;3;18;2;0;0;0;0;0;0;0;0;6;6;0;0;0;0;0;0;0;0;0;0;0;0;0;0;0;0;0;0;0;0;19;19;25;25;1;0;0;0;1268;9125;754;0;1
09;0901;090114;1;11;1;18;2;0;0;0;0;0;0;0;0;0;0;0;0;0;0;0;0;0;0;0;0;0;0;0;0;0;0;0;0;0;0;130;130;130;130;0;0;0;0;27038;47450;6863;40;120
17;1701;170127;1;12;3;18;2;48;48;6;6;15;15;6;6;0;0;0;0;0;0;0;0;0;0;0;0;0;0;0;0;0;0;0;0;0;0;0;0;75;75;12;6;0;0;18112;27375;5890;2;16
17;1705;170550;1;12;3;18;2;0;0;0;0;0;0;0;0;0;0;0;0;0;0;0;0;0;0;0;0;0;0;0;0;0;0;0;0;0;0;15;15;15;15;0;0;0;0;2413;5475;1475;0;2
17;1701;170112;1;12;3;18;2;13;13;0;0;0;0;0;0;6;6;0;0;0;0;0;0;0;0;0;0;0;0;0;0;0;0;0;0;0;0;0;0;19;19;0;0;0;1;2524;6935;875;0;2
07;0701;070103;1;1;5;11;1;2;2;0;0;5;5;2;2;0;0;0;0;0;0;0;0;0;0;0;0;0;0;0;0;0;0;0;0;0;0;0;0;9;9;1;0;0;1;943;3285;528;0;2
17;1701;170129;1;1;5;18;2;0;0;0;0;0;0;0;0;0;0;0;0;0;0;0;0;0;0;0;0;0;0;0;0;0;0;0;0;0;0;7;7;7;7;4;0;0;1;350;2555;200;0;0
17;1701;170101;1;2;1;18;2;0;0;0;0;0;0;10;10;0;0;0;0;0;0;0;0;0;0;0;0;0;0;0;0;0;0;0;0;0;0;130;130;140;140;27;8;10;0;33089;50918;11815;24;59
07;0710;071001;1;2;1;18;2;4;4;4;4;6;6;2;2;20;20;0;0;0;0;0;0;0;0;0;0;0;0;0;0;0;0;0;0;0;0;0;0;36;36;2;2;2;2;6976;13109;1897;35;78
11;1101;110103;1;1;5;18;2;0;0;0;0;0;0;0;0;0;0;0;0;0;0;0;0;0;0;0;0;0;0;0;0;0;0;0;0;0;0;11;11;11;11;0;0;0;0;565;4015;365;0;1
07;0701;070104;1;2;1;18;2;5;5;4;4;8;8;5;5;12;12;2;2;2;2;0;0;4;4;3;3;0;0;2;2;2;2;1;1;0;0;0;0;50;50;2;8;0;0;6427;18250;1325;8;27
11;1101;110102;1;1;5;18;2;0;0;0;0;5;5;0;0;2;2;0;0;0;0;0;0;0;0;0;0;0;0;0;0;0;0;0;0;0;0;11;11;18;18;0;0;0;0;598;6570;321;0;0
11;1102;110201;1;12;3;18;2;5;5;2;2;2;2;1;1;4;4;0;0;2;2;0;0;1;2;0;0;0;0;0;0;0;0;0;0;0;0;0;0;17;18;1;0;0;0;404;6205;241;4;3
11;1101;110102;1;1;5;18;2;1;1;1;1;1;1;3;3;0;0;1;1;1;1;0;0;1;1;0;0;1;1;1;1;1;1;1;1;3;3;0;0;16;16;3;1;0;0;1288;5840;670;2;3
11;1101;110101;1;1;5;18;2;0;0;0;0;0;0;0;0;2;2;0;0;0;0;0;0;0;0;0;0;0;0;0;0;0;0;0;0;0;0;15;15;17;17;5;2;0;0;2090;6205;1016;2;1
07;0706;070650;1;1;5;18;2;1;2;1;1;5;6;5;6;12;10;0;0;0;0;0;0;0;0;0;0;0;0;0;0;0;0;0;0;0;0;0;4;24;29;2;1;1;4;4177;9852;696;3;22
17;1701;170124;1;12;3;18;2;0;0;0;0;0;0;0;0;0;0;0;0;0;0;0;0;0;0;0;0;0;0;0;0;0;0;0;0;0;0;13;13;13;13;0;5;0;0;2350;4745;595;7;17
07;0701;070102;1;12;3;18;2;0;0;0;0;0;0;0;0;0;0;0;0;0;0;0;0;0;0;0;0;0;0;0;0;0;0;0;0;0;0;9;9;9;9;0;0;0;0;139;3285;139;0;0
07;0701;070101;1;1;5;18;2;0;0;0;0;0;0;0;0;0;0;0;0;0;0;0;0;0;0;0;0;0;0;0;0;0;0;0;0;0;0;4;4;4;4;0;0;0;2;424;1460;382;0;0
07;0701;070101;1;1;5;18;2;0;0;0;0;0;0;0;0;0;0;0;0;0;0;0;0;0;0;0;0;0;0;0;0;0;0;0;0;0;0;4;4;4;4;0;0;0;2;433;1460;334;0;0
07;0707;070701;1;1;5;18;2;0;0;1;1;5;5;0;0;0;0;0;0;0;0;0;0;0;0;0;0;0;0;0;0;0;0;0;0;0;0;0;0;6;6;1;0;0;0;207;2190;109;0;0
07;0707;070701;1;12;3;18;2;0;0;0;0;0;0;0;0;0;0;0;0;0;0;0;0;0;0;0;0;0;0;0;0;0;0;0;0;0;0;5;5;5;5;0;0;0;0;303;1825;203;0;0
07;0701;070102;1;1;5;18;2;0;0;0;0;0;0;0;0;5;5;0;0;0;0;0;0;0;0;0;0;0;0;0;0;0;0;0;0;0;0;17;17;22;22;1;0;0;0;1050;8030;437;1;2
07;0701;070101;1;2;1;18;2;0;0;0;0;0;0;0;4;14;13;0;0;0;0;0;0;0;0;2;2;0;0;0;0;0;0;0;0;0;0;29;29;45;48;3;6;4;1;11457;17260;2735;11;33
07;0701;070102;1;1;5;18;2;20;20;0;0;0;0;2;2;0;0;0;0;0;0;0;0;0;0;0;0;0;0;0;0;0;0;0;0;0;0;0;0;22;22;0;0;0;0;834;8030;789;0;0
07;0706;070650;1;12;3;18;2;0;0;0;0;3;3;0;0;0;0;0;0;0;0;0;0;0;0;0;0;0;0;0;0;0;0;0;0;0;0;3;3;6;6;1;0;0;0;14;2190;14;0;0
07;0710;071001;1;1;5;18;2;0;0;0;0;0;0;0;0;3;3;0;0;0;0;0;0;0;0;0;0;0;0;0;0;0;0;0;0;0;0;8;8;11;11;0;0;0;0;736;4015;532;0;0
09;0901;090112;1;1;5;18;2;0;0;0;0;0;0;0;0;0;0;0;0;0;0;0;0;0;0;0;0;0;0;0;0;0;0;0;0;0;0;24;24;24;24;4;0;0;24;3389;8760;1634;1;0
09;0901;090103;1;11;1;18;2;0;0;0;0;4;4;0;0;0;0;0;0;0;0;0;0;0;0;0;0;0;0;0;0;0;0;0;0;0;0;33;33;37;37;4;7;5;4;7106;13505;2149;5;32
18;1801;180105;1;1;5;18;2;0;0;0;0;0;0;0;0;0;0;0;0;0;0;0;0;0;0;0;0;0;0;0;0;0;0;0;0;0;0;13;13;13;13;4;0;0;0;909;4732;450;1;3
09;0901;090112;1;2;1;18;2;44;44;0;0;13;13;0;0;16;16;10;10;0;0;0;0;8;8;2;2;0;0;5;5;9;9;7;7;0;0;0;0;114;114;0;0;0;0;16389;41610;3611;14;90
09;0916;091602;1;11;1;18;2;13;13;5;5;0;0;9;9;0;0;0;0;0;0;0;0;0;0;0;0;0;0;0;0;0;0;0;0;0;0;0;0;27;27;0;0;0;0;3622;9855;1434;2;11
09;0901;090112;1;2;1;18;2;49;49;0;0;11;11;36;36;0;0;0;0;0;0;0;0;0;0;5;5;0;0;0;0;0;0;0;0;0;0;0;0;101;101;0;0;0;0;13351;36865;3369;7;57
17;1701;170113;1;12;3;18;2;0;0;0;0;10;10;0;0;9;9;0;0;0;0;0;0;0;0;0;0;0;0;0;0;0;0;0;0;0;0;0;0;19;19;2;0;0;0;587;6935;318;0;0
17;1701;170106;1;12;3;18;2;0;0;0;0;0;0;0;0;0;0;0;0;0;0;0;0;0;0;0;0;0;0;0;0;0;0;0;0;6;6;0;0;6;6;1;0;0;0;544;2190;387;0;1
03;0301;030102;1;12;3;18;2;0;0;0;0;3;3;1;1;0;0;0;0;0;0;0;0;1;1;0;0;0;0;0;0;0;0;0;0;0;0;7;7;12;12;0;0;0;1;1219;4380;713;0;4
03;0301;030150;1;1;5;18;2;0;0;0;0;0;0;0;0;1;1;0;0;0;0;0;0;0;0;0;0;0;0;0;0;0;0;0;0;0;0;10;10;11;11;1;0;0;0;840;4015;520;5;3
03;0301;030102;1;1;5;18;2;0;0;0;0;0;0;0;0;0;0;0;0;0;0;0;0;0;0;0;0;0;0;0;0;0;0;0;0;0;0;12;12;12;12;2;0;0;1;2340;4380;1351;3;2
03;0301;030102;1;1;5;18;2;0;0;0;0;0;0;0;0;0;0;0;0;0;0;0;0;0;0;0;0;0;0;0;0;0;0;0;0;0;0;11;11;11;11;2;0;2;2;1629;4015;887;5;3
17;1701;170115;1;12;3;18;2;0;0;0;0;8;8;4;4;0;0;0;0;0;0;0;0;0;0;0;0;0;0;0;0;0;0;0;0;0;0;0;0;12;12;0;0;0;0;191;4380;118;0;0
17;1701;170121;1;12;3;18;2;0;0;0;0;0;0;1;1;1;1;0;0;0;0;0;0;0;0;0;0;0;0;0;0;0;0;0;0;0;0;10;10;12;12;0;0;0;2;472;4380;216;1;1
14;1401;140150;1;12;3;18;2;0;0;0;0;0;0;0;0;0;0;0;0;0;0;0;0;0;0;0;0;0;0;0;0;0;0;0;0;0;0;8;8;8;8;3;0;0;2;381;2474;237;1;1
08;0804;080450;1;12;3;18;2;0;0;0;0;0;0;0;0;0;0;0;0;0;0;0;0;0;0;0;0;0;0;0;0;0;0;0;0;0;0;11;11;11;11;3;0;0;2;512;4015;499;0;0
17;1708;170850;1;1;5;17;3;0;0;0;0;4;4;4;4;2;2;0;0;0;0;0;0;0;0;0;0;0;0;0;0;0;0;0;0;0;0;13;13;23;23;5;0;0;0;1800;8495;732;3;1
17;1701;170156;2;12;3;18;2;0;0;0;0;0;0;0;0;0;0;0;0;0;0;0;0;0;0;0;0;0;0;0;0;0;0;0;0;0;0;10;10;10;10;3;0;0;1;1057;3650;504;2;0
09;0921;092150;1;1;5;18;2;0;0;0;0;0;0;0;0;0;0;0;0;0;0;0;0;0;0;0;0;0;0;0;0;0;0;0;0;0;0;15;15;15;15;0;0;0;0;119;5475;42;0;0
12;1207;120750;1;32;1;18;2;4;4;0;0;3;3;3;3;0;0;0;0;0;0;0;0;0;0;0;0;0;0;0;0;0;0;0;0;0;0;0;0;10;10;3;0;0;1;461;3650;363;1;0
12;1207;120750;1;32;1;18;2;0;0;0;0;0;0;0;0;1;1;0;0;0;0;0;0;0;0;0;0;0;0;0;0;0;0;0;0;0;0;8;8;9;9;0;0;0;0;74;3285;61;0;0
12;1207;120750;1;32;1;18;2;0;0;0;0;0;0;1;1;0;0;0;0;0;0;0;0;0;0;0;0;0;0;0;0;0;0;0;0;0;0;8;8;9;9;0;0;0;0;597;3285;555;0;0
06;0601;060101;1;12;3;18;2;0;0;0;0;0;0;0;0;4;4;0;0;0;0;0;0;1;1;0;0;0;0;0;0;0;0;0;0;0;0;15;15;20;20;0;0;0;0;2254;7300;1059;0;1
11;1101;110103;1;12;3;18;2;0;0;0;0;0;0;0;0;0;0;0;0;0;0;0;0;0;0;0;0;0;0;0;0;0;0;0;0;0;0;5;5;5;5;0;0;0;0;62;1825;31;0;0
12;1204;120450;1;32;1;18;2;0;0;0;0;5;5;0;0;5;5;0;0;0;0;0;0;0;0;0;0;0;0;0;0;0;0;0;0;0;0;0;0;10;10;0;0;0;0;122;3650;121;0;0
11;1101;110103;1;12;3;18;2;0;0;0;0;0;0;0;0;0;0;0;0;0;0;0;0;0;0;0;0;0;0;0;0;0;0;0;0;0;0;0;6;0;6;0;0;0;0;21;2190;19;0;0
11;1101;110104;1;1;5;18;2;0;0;0;0;0;0;0;0;0;0;0;0;0;0;0;0;0;0;0;0;0;0;0;0;0;0;0;0;0;0;7;7;7;7;1;0;0;1;226;2555;158;0;0
11;1101;110104;1;1;5;18;2;0;0;0;0;0;0;1;1;1;1;0;0;0;0;0;0;0;0;0;0;0;0;0;0;0;0;0;0;0;0;0;6;2;8;1;2;1;0;641;2920;408;4;1
11;1101;110102;1;1;5;18;2;4;3;4;4;3;3;1;1;2;2;0;0;0;0;0;0;0;0;0;0;0;0;0;0;0;0;0;0;0;0;2;2;16;15;3;2;0;0;1716;5536;710;1;3
11;1101;110103;1;4;1;11;1;0;0;0;0;12;12;13;13;4;4;0;0;0;0;0;0;0;0;0;0;0;0;0;0;0;0;0;0;0;0;0;0;29;29;0;0;0;0;722;10585;378;0;0
17;1702;170202;1;1;5;17;3;0;0;2;2;7;7;3;3;0;0;0;0;0;0;0;0;0;0;0;0;0;0;0;0;0;0;0;0;0;0;2;2;14;14;0;0;0;0;571;5110;225;0;0
11;1101;110101;1;2;1;18;2;0;0;0;0;0;0;0;0;0;0;0;0;0;0;0;0;0;0;0;0;0;0;0;0;0;0;0;0;0;0;0;0;0;0;3;3;1;0;274;4745;169;0;1
11;1101;110101;1;2;1;18;2;0;0;0;0;0;0;0;0;2;2;0;0;0;0;0;0;0;0;0;0;0;0;0;0;0;0;0;0;0;0;27;27;29;29;9;3;1;0;5719;10585;2333;3;21
22;2201;220150;1;12;3;18;2;5;3;5;3;5;3;5;3;0;0;0;0;0;0;0;0;0;0;0;0;0;0;0;0;0;0;0;0;0;0;5;3;25;15;0;0;0;0;439;6125;248;0;0
05;0502;050202;1;1;5;18;2;0;0;0;0;0;0;0;0;0;0;0;0;0;0;0;0;0;0;0;0;0;0;0;0;0;0;0;0;0;0;10;10;10;10;0;0;0;0;631;3650;325;1;0
01;0103;010350;1;1;5;18;2;0;0;0;0;0;0;0;0;0;0;0;0;0;0;0;0;0;0;0;0;0;0;0;0;0;0;0;0;0;0;7;7;7;7;1;0;0;1;948;2555;506;2;0
12;1205;120504;1;32;1;18;2;7;7;2;2;1;1;0;0;3;3;0;0;0;0;0;0;0;0;0;0;0;0;0;0;1;1;0;0;0;0;0;0;14;14;0;0;0;0;202;5110;125;0;0
12;1205;120507;1;1;5;18;2;0;0;0;0;0;0;2;2;0;0;0;0;0;0;0;0;0;0;0;0;0;0;0;0;0;0;0;0;0;0;11;11;13;13;2;0;0;0;473;4745;469;0;0
12;1205;120502;1;32;1;18;2;0;0;0;0;0;0;0;0;0;0;0;0;0;0;0;0;0;0;0;0;0;0;0;0;0;0;0;0;0;0;10;10;10;10;0;0;0;0;88;3650;59;0;0
12;1205;120501;1;1;5;18;2;8;8;2;2;2;2;2;2;3;3;0;0;0;0;0;0;0;0;0;0;0;0;0;0;0;0;0;0;0;0;0;0;17;17;0;0;0;0;1153;6205;544;0;1
12;1205;120504;1;32;1;18;2;0;0;0;0;0;0;0;0;0;0;0;0;0;0;0;0;0;0;0;0;0;0;0;0;0;0;0;0;0;0;12;12;12;12;0;0;0;0;38;4380;38;1;0
12;1205;120507;1;1;5;18;2;8;8;8;8;11;11;3;3;2;2;0;0;0;0;0;0;1;1;0;0;0;0;0;0;0;0;0;0;0;0;0;0;33;33;3;10;5;0;896;12045;346;4;10
01;0101;010108;1;2;1;18;2;0;0;0;0;0;0;0;0;0;0;0;0;0;0;0;0;0;0;0;0;0;0;0;0;0;0;0;0;0;0;42;42;42;42;6;21;0;4;6794;15330;2478;3;4
11;1101;110104;1;2;1;18;2;0;0;0;0;0;0;0;0;0;0;0;0;0;0;0;0;0;0;0;0;0;0;0;0;0;0;0;0;0;0;14;14;14;14;3;1;1;0;1895;5018;891;0;2
01;0101;010105;1;2;1;18;2;0;0;0;0;0;0;0;0;0;0;0;0;0;0;0;0;0;0;0;0;0;0;0;0;0;0;0;0;0;0;13;13;13;13;0;0;0;0;993;4745;444;2;6
23;2301;230103;1;1;5;18;2;0;0;0;0;7;7;0;0;2;2;0;0;0;0;0;0;0;0;0;0;0;0;0;0;0;0;0;0;0;0;0;0;9;9;2;0;0;0;406;3285;406;0;0
01;0101;010112;1;2;1;18;2;0;0;0;0;0;0;0;0;0;0;0;0;0;0;0;0;0;0;0;0;0;0;0;0;0;0;0;0;0;0;60;60;60;60;6;15;0;6;16174;21900;4815;15;28
11;1101;110104;1;1;5;18;2;0;0;0;0;0;0;0;0;3;3;0;0;0;0;0;0;0;0;0;0;0;0;0;0;0;0;0;0;0;0;12;12;15;15;2;3;0;0;1339;5475;521;0;5
01;0101;010111;1;12;3;18;2;0;0;0;0;0;0;0;0;0;0;0;0;0;0;0;0;0;0;0;0;0;0;0;0;0;0;0;0;0;0;13;13;13;13;1;0;0;0;785;4745;490;0;1
07;0701;070102;1;1;5;18;2;0;0;0;0;0;0;0;0;2;2;0;0;0;0;0;0;0;0;0;0;0;0;0;0;0;0;0;0;0;0;8;8;10;10;2;0;0;0;99;3650;77;0;0
07;0702;070250;1;12;3;18;2;4;4;1;1;0;0;0;0;0;0;0;0;0;0;0;0;0;0;0;0;0;0;0;0;0;0;0;0;0;0;0;0;5;5;0;0;0;0;97;1825;60;0;0
12;1210;121050;1;32;1;18;2;7;7;1;1;2;2;0;0;1;1;0;0;0;0;0;0;0;0;0;0;0;0;0;0;0;0;0;0;0;0;0;0;11;11;3;1;1;2;89;4015;75;0;0
18;1801;180107;1;1;5;18;2;0;0;0;0;0;0;2;2;0;0;0;0;0;0;0;0;0;0;0;0;0;0;0;0;0;0;0;0;0;0;19;19;21;21;2;4;0;2;1985;7665;1005;4;4
05;0505;050550;1;12;3;18;2;0;0;0;0;0;0;0;0;0;0;0;0;0;0;0;0;0;0;0;0;0;0;0;0;0;0;0;0;0;0;7;7;7;7;1;0;0;1;674;2555;370;0;0
18;1801;180163;2;1;5;18;2;0;0;0;0;0;0;3;3;0;0;0;0;0;0;0;0;0;0;0;0;0;0;0;0;0;0;0;0;0;0;14;14;17;17;0;0;0;0;470;6335;209;2;4
12;1208;120802;1;32;1;18;2;0;0;3;3;1;1;3;3;0;0;0;0;0;0;0;0;0;0;0;0;0;0;0;0;0;0;0;0;0;0;0;0;7;7;0;0;0;0;762;2555;461;0;0
05;0501;050104;1;1;5;18;2;0;0;0;0;0;0;0;0;0;0;0;0;0;0;0;0;0;0;0;0;0;0;0;0;0;0;0;0;0;0;4;4;4;4;0;2;0;0;454;1460;256;0;1
12;1201;120102;1;1;5;18;2;4;4;6;6;3;3;2;2;7;7;0;0;0;0;0;0;4;4;0;0;0;0;0;0;0;0;0;0;0;0;8;8;34;34;5;10;4;3;6167;12410;697;7;100
23;2301;230106;1;2;1;18;2;3;3;4;4;0;0;0;0;2;2;0;0;0;0;0;0;5;5;0;0;0;0;0;0;2;2;0;0;0;0;5;5;21;21;3;3;3;0;3566;7665;1718;6;1
23;2301;230107;1;2;1;18;2;0;0;0;0;0;0;0;0;0;0;0;0;0;0;0;0;0;0;0;0;0;0;0;0;0;0;0;0;0;0;17;17;17;17;4;2;1;3;622;6205;269;1;1
18;1801;180105;1;1;5;18;2;1;1;2;2;1;1;1;1;2;2;1;1;1;1;1;1;1;1;1;1;1;1;1;1;1;1;1;1;0;0;0;0;16;16;2;2;1;2;821;14380;471;0;0
23;2301;230106;1;2;1;18;2;0;0;0;0;0;0;0;0;3;3;0;0;0;0;0;0;0;0;0;0;0;0;0;0;0;0;0;0;0;0;17;17;20;20;7;1;1;0;1685;7300;876;6;1
12;1201;120102;1;1;5;18;2;0;0;10;10;0;0;0;0;4;4;0;0;0;0;0;0;0;0;0;0;0;0;0;0;0;0;0;0;0;0;8;8;22;22;0;0;0;0;1030;8030;628;0;0
18;1801;180109;1;1;5;18;2;0;0;0;0;8;8;0;0;0;0;0;0;0;0;0;0;0;0;0;0;0;0;0;0;0;0;0;0;0;0;0;0;8;8;0;0;0;0;708;14024;399;0;0
12;1201;120153;2;12;3;18;2;0;0;0;0;2;1;0;0;0;0;0;0;0;0;0;0;0;0;0;0;0;0;0;0;0;0;0;0;0;0;0;0;2;1;0;0;0;0;36;428;32;0;0
12;1205;120507;1;32;1;18;2;0;0;0;0;2;2;0;0;2;2;0;0;0;0;0;0;0;0;0;0;0;0;0;0;0;0;0;0;0;0;3;3;7;7;0;0;0;0;171;2555;100;0;0
10;1001;100103;1;12;3;18;2;0;0;0;0;0;0;0;0;0;0;0;0;0;0;0;0;0;0;0;0;0;0;0;0;0;0;0;0;0;0;18;18;18;18;0;0;0;0;2762;6570;1139;2;1
12;1205;120501;1;1;5;18;2;0;0;0;0;0;0;0;0;2;2;0;0;0;0;0;0;0;0;0;0;0;0;0;0;0;0;0;0;0;0;7;7;9;9;2;2;0;0;171;3285;141;4;1
10;1001;100103;1;12;3;18;2;0;0;0;0;0;0;1;1;0;0;0;0;0;0;0;0;0;0;0;0;0;0;0;0;0;0;0;0;0;0;12;12;13;13;1;1;1;3;1921;4745;1065;1;4
18;1801;180107;1;1;5;18;2;9;9;0;0;0;0;2;2;0;0;0;0;0;0;0;0;0;0;0;0;0;0;0;0;0;0;0;0;0;0;0;0;11;11;1;0;1;0;1169;4015;699;4;1
12;1210;121050;1;32;1;18;2;0;0;7;7;6;6;0;0;1;1;0;0;0;0;0;0;0;0;0;0;0;0;0;0;0;0;0;0;0;0;3;3;17;17;0;0;0;0;326;6205;280;0;0
12;1205;120501;1;1;5;18;2;0;0;0;0;0;0;0;0;3;3;0;0;0;0;1;1;0;0;0;0;0;0;0;0;0;0;0;0;0;0;20;20;24;24;0;0;0;0;660;8760;201;0;0
12;1205;120502;1;1;5;18;2;1;1;2;2;10;10;3;3;0;0;0;0;0;0;0;0;0;0;0;0;0;0;0;0;0;0;0;0;0;0;0;0;16;16;3;0;0;0;425;5840;423;0;0
13;1301;130106;1;1;5;18;2;1;1;7;7;3;3;7;7;1;1;0;0;0;0;0;0;0;0;0;0;0;0;0;0;0;0;0;0;0;0;0;0;19;19;3;0;0;0;225;6935;205;0;0
13;1301;130101;1;11;1;18;2;0;0;0;0;0;0;0;0;0;0;0;0;0;0;0;0;0;0;0;0;0;0;0;0;0;0;0;0;0;0;28;28;28;28;0;0;0;0;942;10220;748;2;1
13;1301;130102;1;1;5;18;2;0;0;0;0;0;0;0;0;0;0;0;0;0;0;0;0;0;0;0;0;0;0;0;0;0;0;0;0;0;0;10;10;10;10;3;0;0;0;633;3650;170;0;2
01;0101;010110;1;2;1;18;2;0;0;0;0;0;0;0;0;0;0;0;0;0;0;0;0;0;0;0;0;0;0;0;0;0;0;0;0;0;0;10;10;10;10;3;9;0;2;3845;3650;1467;4;16
12;1205;120550;1;32;1;18;2;0;0;0;0;4;4;0;0;2;2;0;0;0;0;0;0;0;0;0;0;0;0;0;0;0;0;0;0;0;0;0;0;6;6;1;0;0;0;50;2190;50;0;0
09;0923;092350;1;1;5;18;2;4;4;3;3;3;3;9;9;0;0;0;0;0;0;0;0;0;0;0;0;0;0;0;0;0;0;0;0;0;0;0;0;19;19;0;0;0;0;708;6935;244;0;0
01;0101;010110;1;15;1;18;2;0;0;0;0;0;0;0;0;0;0;0;0;0;0;0;0;9;9;0;0;0;0;0;0;0;0;0;0;0;0;0;0;9;9;0;0;0;0;469;3285;70;0;0
01;0101;010110;1;1;5;18;2;0;0;0;0;0;0;0;0;0;0;0;0;0;0;0;0;0;0;0;0;0;0;0;0;0;0;0;0;0;0;19;19;19;19;3;0;2;0;1898;6935;1335;0;1
09;0901;090114;1;32;1;18;2;0;0;0;0;0;0;0;0;0;0;0;0;0;0;0;0;0;0;0;0;0;0;0;0;0;0;0;0;0;0;10;10;10;10;0;0;0;0;483;3650;238;0;0
17;1701;170130;1;12;3;18;2;0;0;0;0;0;0;9;2;9;9;0;0;0;0;0;0;0;0;0;0;0;0;0;0;0;0;0;0;0;0;12;12;30;23;2;7;0;0;8638;8475;997;7;41
07;0701;070102;1;1;5;18;2;2;2;4;4;2;2;0;0;0;0;0;0;0;0;0;0;0;0;0;0;0;0;0;0;0;0;0;0;0;0;0;0;8;8;1;0;0;0;178;2920;89;0;0
10;1001;100150;1;12;3;18;2;0;0;0;0;0;0;0;0;0;0;0;0;0;0;0;0;0;0;0;0;0;0;0;0;0;0;0;0;0;0;16;16;16;16;4;2;0;0;1434;5840;877;2;2
09;0904;090450;1;32;1;18;2;0;0;2;2;0;0;0;0;0;0;0;0;0;0;0;0;0;0;0;0;0;0;0;0;0;0;0;0;0;0;7;7;9;9;0;0;0;0;91;3285;88;0;0
01;0101;010114;1;12;3;18;2;0;0;0;0;0;0;0;0;0;0;0;0;0;0;0;0;0;0;0;0;0;0;0;0;0;0;0;0;0;0;7;5;7;5;1;0;0;1;167;2060;94;0;2
12;1208;120850;1;32;1;18;2;9;9;5;5;2;2;0;0;1;1;0;0;0;0;0;0;0;0;0;0;0;0;0;0;0;0;0;0;0;0;0;0;17;17;2;0;1;0;1526;6205;1154;0;1
23;2301;230102;1;1;5;18;2;0;0;0;0;0;0;0;0;3;3;0;0;0;0;0;0;0;0;0;0;0;0;0;0;0;0;0;0;0;0;6;6;9;9;0;0;0;0;488;3285;358;1;0
24;2402;240250;1;32;1;18;2;0;0;0;0;0;0;0;0;0;0;0;0;0;0;0;0;0;0;0;0;0;0;0;0;0;0;0;0;0;0;9;9;9;9;1;1;0;9;450;3285;450;0;0
13;1322;132250;1;1;5;18;2;5;5;4;4;3;3;4;4;0;0;0;0;0;0;0;0;0;0;0;0;0;0;0;0;0;0;0;0;0;0;0;0;16;16;2;0;0;0;222;5840;120;0;0
12;1210;121050;1;32;1;18;2;0;0;0;0;0;0;0;0;1;1;0;0;0;0;0;0;0;0;0;0;0;0;0;0;0;0;0;0;0;0;16;16;17;17;2;0;0;0;545;6205;476;0;0
12;1201;120102;1;32;1;18;2;0;0;0;0;0;0;0;0;0;0;0;0;0;0;0;0;0;0;0;0;0;0;0;0;0;0;0;0;0;0;8;8;8;8;2;0;0;0;309;2920;175;0;0
01;0101;010107;1;1;5;18;2;1;1;8;8;1;1;3;3;0;0;0;0;0;0;0;0;0;0;0;0;0;0;0;0;0;0;0;0;0;0;4;4;17;17;0;0;0;0;2063;5904;1200;0;4
24;2403;240352;2;1;5;18;2;15;15;2;2;3;3;0;0;1;1;0;0;0;0;0;0;0;0;0;0;0;0;0;0;0;0;0;0;0;0;0;0;21;21;0;0;0;0;1075;7665;780;1;1
10;1001;100104;1;12;3;18;2;0;0;0;0;0;0;0;0;0;0;0;0;0;0;0;0;0;0;0;0;0;0;0;0;0;0;0;0;0;0;8;8;8;8;1;0;0;0;164;2920;163;0;0
24;2403;240352;2;2;1;18;2;10;10;10;10;6;6;6;6;5;5;1;1;1;1;0;0;4;4;1;1;1;1;1;1;2;2;2;2;0;0;0;0;50;50;9;7;4;3;4768;18250;2538;65;30
01;0101;010114;1;12;3;18;2;8;8;2;2;0;0;0;0;0;0;0;0;0;0;0;0;0;0;0;0;0;0;0;0;0;0;0;0;0;0;0;0;10;10;0;0;0;0;425;3650;228;1;1
24;2402;240250;1;1;5;18;2;13;13;3;3;8;8;11;11;5;5;0;0;0;0;0;0;0;0;0;0;0;0;0;0;0;0;0;0;0;0;0;0;40;40;0;0;0;0;941;14600;463;2;0
09;0910;091050;1;32;1;18;2;8;8;2;2;0;0;1;1;0;0;0;0;0;0;0;0;0;0;0;0;0;0;0;0;0;0;0;0;0;0;2;2;13;13;2;0;0;0;341;4745;317;0;0
24;2402;240250;1;1;5;18;2;17;17;2;2;1;2;2;2;0;0;3;3;0;0;0;0;1;1;0;0;0;0;0;0;0;0;0;0;0;0;0;0;26;27;1;0;0;0;560;9855;297;7;2
09;0910;091050;1;1;5;18;2;4;4;3;3;3;3;0;0;6;6;0;0;0;0;0;0;0;0;0;0;0;0;0;0;0;0;0;0;0;0;0;0;16;16;0;0;0;0;698;5840;597;0;0
12;1201;120102;1;32;1;18;2;6;6;0;0;0;0;0;0;0;0;0;0;0;0;0;0;0;0;0;0;0;0;0;0;0;0;0;0;0;0;0;0;6;6;0;0;0;0;77;2190;49;0;0
13;1314;131401;1;1;5;18;2;0;0;0;0;4;4;1;1;0;0;0;0;0;0;0;0;0;0;0;0;0;0;0;0;0;0;0;0;0;0;0;0;5;5;0;0;0;0;167;1825;109;0;0
01;0101;010103;1;1;5;18;2;0;0;0;0;0;0;0;0;0;0;0;0;0;0;0;0;0;0;0;0;0;0;0;0;0;0;0;0;0;0;13;13;13;13;5;0;0;2;1316;4745;660;2;3
13;1308;130850;1;2;1;18;2;5;5;2;2;2;2;0;0;0;0;0;0;0;0;0;0;1;1;0;0;0;0;0;0;2;2;1;1;0;0;0;0;13;13;0;4;0;0;2118;4745;296;7;14
01;0101;010107;1;2;1;18;2;0;0;0;0;0;0;0;0;0;0;0;0;0;0;0;0;0;0;0;0;0;0;0;0;0;0;0;0;0;0;20;20;20;20;0;4;0;3;2198;7300;1426;1;3
01;0101;010112;1;12;3;18;2;0;0;0;0;0;0;0;0;0;0;0;0;0;0;0;0;0;0;0;0;0;0;0;0;0;0;0;0;0;0;11;11;11;11;0;0;0;0;81;4015;72;0;0
07;0701;070102;1;1;5;17;3;0;0;0;0;3;3;6;6;0;0;0;0;0;0;0;0;0;0;0;0;0;0;0;0;0;0;0;0;0;0;27;27;36;36;3;4;4;1;2788;13140;1064;5;7
24;2402;240250;1;1;5;17;3;12;12;3;3;3;3;0;0;0;0;0;0;0;0;0;0;0;0;0;0;0;0;0;0;0;0;0;0;0;0;0;0;18;18;0;0;0;0;707;6570;362;0;0
24;2401;240102;1;1;5;17;3;8;8;4;4;11;11;9;9;0;0;0;0;0;0;0;0;0;0;0;0;0;0;0;0;0;0;0;0;0;0;0;0;32;32;4;0;0;0;900;11680;580;0;1
23;2301;230107;1;32;1;18;2;0;0;0;0;6;6;0;0;0;0;0;0;0;0;0;0;0;0;0;0;0;0;0;0;0;0;0;0;0;0;2;2;8;8;0;0;0;0;74;2920;74;0;0
09;0901;090112;1;32;1;18;2;0;0;0;0;0;0;0;0;0;0;0;0;0;0;0;0;0;0;0;0;0;0;0;0;0;0;0;0;0;0;13;10;13;10;0;0;0;0;140;3520;70;0;0
23;2301;230105;1;32;1;18;2;0;0;2;2;3;3;0;0;0;0;0;0;0;0;0;0;0;0;0;0;0;0;0;0;0;0;0;0;0;0;0;0;5;5;0;0;0;0;289;1825;289;0;0
01;0101;010112;1;1;5;18;2;0;0;0;0;0;0;0;0;0;0;0;0;0;0;0;0;0;0;0;0;0;0;0;0;0;0;0;0;0;0;12;12;12;12;3;0;0;0;1504;4380;1272;1;1
01;0101;010107;1;2;1;18;2;0;0;0;0;0;0;0;0;8;8;0;0;0;0;0;0;0;0;0;0;0;0;0;0;0;0;0;0;0;0;32;31;40;39;6;2;2;1;5191;14205;1837;4;5
07;0701;070101;1;12;3;18;2;4;4;1;1;2;2;0;0;0;0;0;0;0;0;0;0;0;0;0;0;0;0;0;0;0;0;0;0;0;0;3;3;10;10;1;0;0;0;86;3650;85;0;0
01;0101;010112;1;2;1;18;2;5;5;5;5;2;2;4;4;5;5;1;1;2;2;0;0;2;2;0;0;1;1;1;1;2;2;1;1;5;5;0;0;36;36;6;10;0;3;8214;13140;3300;9;19
14;1406;140650;1;12;3;18;2;8;8;0;0;2;2;0;0;2;2;0;0;0;0;0;0;0;0;0;0;0;0;0;0;0;0;0;0;0;0;0;0;12;12;1;0;0;1;545;4380;312;1;0
18;1801;180102;1;1;5;18;2;0;0;0;0;0;0;0;0;0;0;0;0;0;0;0;0;0;0;0;0;0;0;0;0;0;0;0;0;0;0;5;5;5;5;0;0;0;0;125;1825;73;0;0
09;0910;091050;1;1;5;18;2;0;0;0;0;0;0;3;3;0;0;0;0;0;0;0;0;0;0;0;0;0;0;0;0;0;0;0;0;0;0;9;9;12;12;1;0;0;0;719;4380;576;6;2
13;1301;130106;1;1;5;18;2;0;0;0;0;0;0;0;0;0;0;0;0;0;0;0;0;0;0;0;0;0;0;0;0;0;0;0;0;0;0;6;6;6;6;0;0;0;0;819;2190;693;1;0
12;1201;120101;1;32;1;18;2;0;0;0;0;6;6;0;0;0;0;0;0;0;0;0;0;0;0;0;0;0;0;0;0;0;0;0;0;0;0;0;0;6;6;1;0;0;0;55;2190;55;0;0
09;0910;091050;1;32;1;18;2;0;0;0;0;9;9;0;0;0;0;0;0;0;0;0;0;0;0;0;0;0;0;0;0;0;0;0;0;0;0;0;0;9;9;0;0;0;0;497;3285;462;45;0
05;0505;050550;1;1;5;18;2;0;0;0;0;0;0;0;0;0;0;0;0;0;0;0;0;0;0;0;0;0;0;0;0;0;0;0;0;0;0;8;8;8;8;0;0;0;0;790;2920;224;1;2
12;1201;120101;1;32;1;18;2;0;0;0;0;0;0;0;0;0;0;0;0;0;0;0;0;0;0;0;0;0;0;0;0;0;0;0;0;0;0;15;15;15;15;0;0;0;0;212;5475;150;0;0
09;0904;090450;1;1;5;18;2;2;2;1;1;2;2;1;1;0;0;0;0;0;0;0;0;0;0;0;0;0;0;0;0;0;0;0;0;0;0;0;0;6;6;0;0;0;0;46;2190;46;0;0
18;1801;180109;1;1;5;18;2;0;0;6;6;6;6;2;2;0;0;0;0;0;0;0;0;6;6;0;0;0;0;0;0;6;6;6;6;0;0;0;0;32;32;0;0;0;0;231;11670;117;0;0
13;1308;130802;1;12;3;18;2;0;0;0;0;0;0;0;0;0;0;0;0;0;0;0;0;0;0;0;0;0;0;0;0;0;0;0;0;0;0;18;19;18;19;3;4;3;0;3496;6754;507;6;20
09;0910;091050;1;32;1;18;2;0;0;0;0;0;0;0;0;0;0;0;0;0;0;0;0;0;0;0;0;0;0;0;0;0;0;0;0;0;0;10;10;10;10;2;0;0;0;294;3650;156;0;0
17;1701;170131;1;12;3;18;2;0;0;0;0;0;0;0;0;0;0;0;0;0;0;0;0;0;0;0;0;0;0;0;0;0;0;0;0;0;0;8;8;8;8;0;0;0;0;741;2920;353;3;2
13;1303;130301;1;1;5;18;2;0;0;0;0;0;0;0;0;0;0;0;0;0;0;0;0;0;0;0;0;0;0;0;0;0;0;0;0;0;0;9;9;9;9;0;0;0;0;1372;3285;850;1;0
17;1701;170112;1;12;3;18;2;0;0;0;0;2;2;0;0;0;0;0;0;0;0;0;0;0;0;0;0;0;0;0;0;0;0;0;0;0;0;0;0;2;2;0;0;0;0;39;730;28;1;0
17;1701;170112;1;12;3;18;2;0;0;0;0;0;0;2;2;0;0;0;0;0;0;0;0;0;0;0;0;0;0;0;0;0;0;0;0;0;0;10;10;12;12;0;0;0;0;996;4380;682;1;3
18;1801;180101;1;1;5;18;2;0;0;0;0;0;0;0;0;0;0;0;0;0;0;0;0;0;0;0;0;0;0;0;0;0;0;0;0;0;0;15;15;15;15;0;0;0;0;515;5475;294;2;0
04;0401;040102;1;12;3;18;2;5;76;3;51;0;0;1;0;2;30;0;0;0;0;0;0;0;0;0;0;0;0;0;0;0;0;0;0;0;0;0;0;11;157;1;0;0;7;310;57366;258;1;0
09;0910;091050;1;1;5;18;2;0;0;0;0;0;0;0;0;5;5;0;0;0;0;0;0;0;0;0;0;0;0;0;0;0;0;0;0;0;0;5;5;10;10;0;0;0;0;145;3650;101;0;0
12;1205;120501;1;32;1;18;2;0;0;0;0;3;3;1;1;0;0;0;0;0;0;0;0;0;0;0;0;0;0;0;0;0;0;0;0;0;0;0;0;4;4;0;0;0;0;77;1460;73;0;0
13;1309;130902;1;12;3;18;2;0;0;0;0;0;0;0;0;0;0;0;0;0;0;0;0;0;0;0;0;0;0;0;0;0;0;0;0;0;0;8;8;8;8;2;0;0;0;524;2920;288;0;0
09;0901;090102;1;1;5;18;2;0;0;0;0;0;0;0;0;2;2;0;0;0;0;0;0;0;0;0;0;0;0;0;0;0;0;0;0;0;0;14;14;16;16;0;0;0;0;950;5840;937;0;0
09;0910;091050;1;1;5;18;2;0;0;0;0;3;3;5;5;4;4;0;0;0;0;0;0;0;0;0;0;0;0;0;0;0;0;0;0;0;0;18;18;30;30;3;2;0;0;695;10950;331;3;3
09;0901;090101;1;2;1;18;2;6;6;5;5;0;0;0;0;0;0;0;0;0;0;0;0;8;8;0;0;0;0;0;0;0;0;0;0;0;0;0;0;19;19;0;7;0;0;6367;6935;1486;8;33
09;0906;090601;1;1;5;18;2;4;4;0;0;8;8;0;0;0;0;0;0;0;0;0;0;0;0;0;0;0;0;0;0;0;0;0;0;0;0;0;0;12;12;0;0;0;0;1156;4380;1106;0;0
23;2301;230102;1;2;1;18;2;0;0;0;0;0;0;0;0;10;10;0;0;0;0;0;0;0;0;0;0;0;0;0;0;0;0;0;0;0;0;26;26;36;36;6;5;2;0;3001;13140;1036;1;3
09;0901;090112;1;32;1;18;2;0;0;0;0;0;0;0;0;0;0;0;0;0;0;0;0;0;0;0;0;0;0;0;0;0;0;0;0;0;0;7;7;7;7;0;0;0;0;88;2555;83;0;0
09;0906;090650;1;1;5;18;2;0;0;0;0;0;0;0;0;0;0;0;0;0;0;0;0;0;0;0;0;0;0;0;0;0;0;0;0;0;0;14;15;14;15;0;0;0;0;316;5385;265;0;0
23;2301;230102;1;1;5;18;2;2;2;2;2;5;5;1;1;2;2;0;0;0;0;0;0;0;0;0;0;0;0;0;0;0;0;1;1;0;0;0;0;13;13;2;0;0;0;101;4745;55;0;0
18;1801;180101;1;1;5;17;3;8;8;0;0;0;0;0;0;2;2;0;0;0;0;0;0;0;0;0;0;0;0;0;0;0;0;0;0;0;0;14;14;24;24;0;0;0;0;1957;8760;830;2;2
09;0906;090650;1;1;5;18;2;9;9;2;2;1;1;0;0;5;5;0;0;0;0;0;0;0;0;0;0;0;0;0;0;0;0;0;0;0;0;0;0;17;17;4;0;0;0;486;6205;439;0;0
12;1210;121050;1;32;1;18;2;0;0;0;0;0;0;0;0;0;0;0;0;0;0;0;0;0;0;0;0;0;0;0;0;0;0;0;0;0;0;16;16;16;16;2;0;0;0;321;5840;256;0;0
09;0906;090601;1;32;1;18;2;0;0;0;0;0;0;0;0;0;0;0;0;0;0;0;0;0;0;0;0;0;0;0;0;0;0;0;0;0;0;10;10;10;10;0;0;0;0;341;3650;323;0;0
04;0401;040101;1;12;3;18;2;0;0;0;0;0;0;0;0;0;0;0;0;0;0;0;0;0;0;0;0;0;0;0;0;0;0;0;0;0;0;6;6;6;6;1;0;0;0;461;2190;309;0;0
23;2301;230102;1;32;1;18;2;0;0;0;0;0;0;0;0;0;0;0;0;0;0;0;0;0;0;0;0;0;0;0;0;0;0;0;0;0;0;17;17;17;17;0;0;0;0;277;6205;175;0;0
18;1801;180109;1;1;5;18;2;3;3;5;5;2;4;1;1;2;2;0;0;0;0;0;0;0;0;0;0;0;0;0;0;0;0;0;0;0;0;0;0;13;15;1;1;1;0;1075;5475;663;1;0
24;2402;240250;1;32;1;18;2;0;0;1;1;0;0;0;0;5;5;0;0;0;0;0;0;0;0;0;0;0;0;0;0;0;0;0;0;0;0;5;5;11;11;0;0;0;0;436;4015;232;0;0
09;0916;091650;1;32;1;18;2;6;6;2;2;0;0;1;1;0;0;0;0;0;0;0;0;0;0;0;0;0;0;0;0;0;0;0;0;0;0;0;0;9;9;0;0;0;0;148;3285;133;0;0
09;0901;090102;1;4;1;18;2;0;0;0;0;0;0;0;0;0;0;0;0;0;0;0;0;0;0;0;0;0;0;0;0;0;0;0;0;0;0;40;40;40;40;2;1;1;0;495;14600;285;2;0
09;0901;090108;1;32;1;18;2;0;0;0;0;0;0;0;0;0;0;0;0;0;0;0;0;0;0;0;0;0;0;0;0;0;0;0;0;0;0;13;13;13;13;0;0;2;0;261;4745;223;3;0
18;1807;180701;1;1;5;18;2;0;0;0;0;0;0;0;0;0;0;0;0;0;0;0;0;0;0;0;0;0;0;0;0;0;0;0;0;0;0;9;9;9;9;0;0;0;0;971;39203;436;1;0
12;1201;120102;1;32;1;18;2;7;6;5;5;2;2;0;2;3;3;0;0;0;0;0;0;0;0;0;0;0;0;0;0;0;0;0;0;0;0;0;0;17;18;1;0;0;2;1464;6755;804;0;0
09;0901;090114;1;32;1;18;2;1;1;1;1;2;2;0;0;1;1;0;0;0;0;0;0;0;0;0;0;0;0;0;0;0;0;0;0;0;0;5;5;10;10;1;0;0;0;77;3650;70;0;0
23;2301;230150;1;1;5;18;2;2;2;5;5;4;4;2;2;0;0;0;0;0;0;0;0;0;0;2;2;0;0;0;0;2;2;0;0;0;0;0;0;17;17;3;0;0;0;999;6205;578;4;0
01;0101;010105;1;1;5;18;2;12;12;0;0;0;0;0;0;0;0;0;0;0;0;0;0;0;0;0;0;0;0;0;0;0;0;0;0;0;0;0;0;12;12;1;0;0;0;1039;4380;526;7;3
09;0901;090114;1;32;1;18;2;7;7;0;0;0;0;0;0;0;0;0;0;0;0;0;0;0;0;0;0;0;0;0;0;0;0;0;0;0;0;0;0;7;7;0;0;0;0;128;2555;67;0;0
12;1201;120102;1;2;1;18;2;0;0;0;0;0;0;0;0;0;0;0;0;0;0;0;0;0;0;0;0;0;0;0;0;0;0;0;0;0;0;14;14;14;14;1;0;0;2;18;5110;18;0;0
13;1303;130302;1;1;5;17;3;3;3;4;4;3;3;3;3;0;0;0;0;0;0;0;0;0;0;0;0;0;0;0;0;2;2;0;0;4;4;0;0;19;19;6;0;0;0;255;6935;163;0;0
09;0906;090603;1;12;3;17;3;0;0;0;0;0;0;0;0;0;0;0;0;0;0;0;0;0;0;0;0;0;0;0;0;0;0;0;0;0;0;6;6;6;6;0;0;0;0;167;2190;103;0;0
18;1801;180104;1;1;5;18;2;0;0;0;0;0;0;0;0;0;0;0;0;0;0;0;0;0;0;0;0;0;0;0;0;0;0;0;0;0;0;12;12;12;12;0;0;0;0;437;8499;278;0;0
01;0101;010103;1;1;5;17;3;2;2;2;2;14;14;10;10;12;12;0;0;0;0;0;0;0;0;0;0;0;0;0;0;0;0;0;0;0;0;2;2;42;42;0;0;0;0;10855;15330;2955;3;23
18;1808;180802;1;1;5;18;2;0;0;0;0;0;0;0;0;1;1;0;0;0;0;0;0;0;0;0;0;0;0;0;0;0;0;0;0;0;0;5;5;6;6;1;0;0;0;117;2190;67;0;0
23;2301;230101;1;32;1;18;2;0;0;0;0;5;5;0;0;0;0;0;0;0;0;0;0;0;0;0;0;0;0;0;0;0;0;0;0;0;0;0;0;5;5;0;0;0;0;147;1825;141;0;0
09;0901;090111;1;2;1;18;2;0;0;12;12;1;1;1;1;0;0;1;1;0;0;0;0;1;1;0;0;0;0;0;0;1;1;1;1;0;0;52;52;70;70;3;14;0;16;9467;25674;1584;4;111
18;1801;180109;1;1;5;18;2;0;0;0;0;0;0;0;0;0;0;0;0;0;0;0;0;0;0;0;0;0;0;0;0;0;0;0;0;0;0;20;20;20;20;3;3;3;0;2243;55538;1243;1;3
09;0901;090102;1;32;1;18;2;3;3;4;4;6;6;0;0;8;8;0;0;0;0;0;0;0;0;0;0;0;0;0;0;0;0;0;0;0;0;0;0;21;21;0;0;0;0;331;7665;178;0;0
23;2301;230101;1;2;1;18;2;0;0;0;0;3;3;8;8;0;0;0;0;0;0;0;0;0;0;0;0;0;0;0;0;0;0;0;0;0;0;20;20;31;31;4;3;3;1;5538;11315;1150;4;15
23;2301;230102;1;1;5;18;2;0;0;2;2;2;2;3;3;6;6;0;0;0;0;0;0;0;0;0;0;0;0;0;0;0;0;0;0;0;0;0;0;13;13;2;0;0;0;103;4745;40;0;0
08;0801;080103;1;11;1;18;2;5;5;2;2;2;2;0;0;0;0;0;0;0;0;0;0;1;1;0;0;0;0;0;0;0;0;0;0;0;0;0;0;10;10;2;0;1;0;183;3650;121;0;0
09;0921;092150;1;32;1;16;1;4;4;3;3;3;3;5;5;0;0;0;0;0;0;0;0;0;0;0;0;0;0;0;0;0;0;0;0;0;0;0;0;15;15;0;0;0;0;126;5475;68;0;0
09;0901;090112;1;1;5;18;2;0;0;0;0;0;0;0;0;0;0;0;0;0;0;0;0;0;0;0;0;0;0;0;0;0;0;0;0;0;0;15;14;15;14;3;3;0;0;8143;5010;3341;9;10
09;0901;090112;1;1;5;18;2;0;0;0;0;0;0;0;0;0;0;0;0;0;0;0;0;0;0;0;0;0;0;0;0;0;0;0;0;0;0;19;16;19;16;0;0;0;0;163;5835;118;0;0
09;0901;090102;1;1;5;18;2;8;8;4;4;4;4;1;1;1;1;0;0;0;0;0;0;0;0;0;0;0;0;0;0;0;0;0;0;0;0;0;0;18;18;1;0;0;5;2435;6570;2432;0;0
18;1808;180850;1;1;5;18;2;3;3;3;3;6;6;0;0;6;6;0;0;0;0;0;0;1;1;0;0;0;0;0;0;1;1;0;0;0;0;0;0;20;20;2;0;1;0;1136;7300;293;1;0
09;0901;090102;1;1;5;18;2;0;0;0;0;0;0;0;0;0;0;0;0;0;0;0;0;0;0;0;0;0;0;0;0;0;0;0;0;0;0;9;9;9;9;0;0;0;0;1027;3407;1005;0;0
13;1308;130802;1;12;3;18;2;1;1;2;2;5;5;2;2;0;0;0;0;0;0;0;0;1;1;0;0;0;0;0;0;1;1;1;1;0;0;0;0;13;13;0;0;0;0;1146;4745;958;0;0
13;1308;130804;1;1;5;18;2;0;0;0;0;0;0;0;0;0;0;0;0;0;0;0;0;0;0;0;0;0;0;0;0;0;0;0;0;0;0;8;8;8;8;2;0;0;0;956;2920;948;0;0
13;1308;130804;1;12;3;18;2;0;0;1;1;2;2;0;0;1;1;0;0;0;0;0;0;0;0;0;0;0;0;0;0;0;0;0;0;0;0;8;8;12;12;0;0;0;0;118;4380;92;0;0
09;0901;090106;1;1;5;18;2;0;0;0;0;1;1;0;0;1;1;0;0;0;0;0;0;0;0;0;0;0;0;0;0;0;0;0;0;0;0;1;1;3;3;1;0;0;0;25;973;10;0;0
12;1210;121050;1;32;1;18;2;0;0;0;0;2;2;0;0;1;1;0;0;0;0;0;0;0;0;0;0;0;0;0;0;0;0;0;0;0;0;9;9;12;12;2;0;0;0;77;4380;63;0;0
09;0901;090105;1;1;5;18;2;0;0;0;0;0;0;0;0;0;0;0;0;0;0;0;0;0;0;0;0;0;0;0;0;0;0;0;0;0;0;11;11;11;11;1;0;2;0;2046;4015;1960;2;0
17;1701;170114;1;12;3;18;2;0;0;0;0;0;0;0;0;2;2;0;0;0;0;0;0;0;0;0;0;0;0;0;0;0;0;0;0;0;0;7;7;9;9;2;0;0;0;942;3285;438;1;2
17;1701;170113;1;12;3;18;2;11;9;0;0;0;0;0;0;0;0;0;0;0;0;0;0;1;1;0;0;0;0;0;0;0;0;0;0;0;0;9;9;21;19;0;0;0;0;646;7053;455;1;0
13;1308;130802;1;2;1;18;2;0;0;2;2;2;2;2;2;0;0;2;2;0;0;0;0;2;2;0;0;0;0;2;2;0;0;2;2;0;0;24;24;38;38;7;10;5;0;9963;13870;2202;16;48
09;0911;091150;1;32;1;18;2;0;0;0;0;0;0;0;0;0;0;0;0;0;0;0;0;0;0;0;0;0;0;0;0;0;0;0;0;0;0;4;4;4;4;0;0;0;0;235;1460;133;0;0
07;0707;070701;1;1;5;18;2;2;2;0;0;0;0;1;1;0;0;0;0;0;0;0;0;0;0;0;0;0;0;0;0;0;0;0;0;0;0;3;3;6;6;0;0;0;0;270;2190;165;1;0
12;1201;120102;1;32;1;18;2;0;0;0;0;0;0;0;0;0;0;0;0;0;0;0;0;0;0;0;0;0;0;0;0;0;0;0;0;0;0;4;4;4;4;0;0;0;0;101;1460;70;0;0
10;1001;100104;1;12;3;18;2;0;0;0;0;0;0;0;0;2;2;0;0;0;0;0;0;0;0;0;0;0;0;0;0;0;0;0;0;0;0;16;16;18;18;0;1;1;0;1829;6570;1100;0;0
17;1701;170127;1;12;3;18;2;0;0;0;0;6;6;0;0;2;2;0;0;0;0;0;0;0;0;0;0;0;0;0;0;0;0;0;0;0;0;0;0;8;8;0;0;0;0;150;2920;111;0;0
17;1701;170128;1;2;1;18;2;0;0;0;0;0;0;0;0;7;7;0;0;0;0;0;0;0;0;0;0;0;0;0;0;0;0;0;0;0;0;18;18;25;25;6;4;0;0;2060;9125;727;3;8
09;0901;090102;1;32;1;18;2;3;3;3;3;5;5;0;0;0;0;0;0;0;0;0;0;0;0;0;0;0;0;0;0;0;0;0;0;0;0;0;0;11;11;0;0;0;0;948;4015;938;0;0
17;1701;170115;1;12;3;18;2;0;0;0;0;0;0;0;0;0;0;0;0;0;0;0;0;0;0;0;0;0;0;0;0;0;0;0;0;1;1;8;8;9;9;2;0;1;0;636;3285;282;0;1
09;0901;090102;1;32;1;18;2;0;0;0;0;0;0;0;0;0;0;0;0;0;0;0;0;0;0;0;0;0;0;0;0;0;0;0;0;0;0;14;14;14;14;0;0;0;0;35;5110;28;0;0
06;0601;060103;1;1;5;18;2;2;2;3;3;2;2;1;0;2;2;0;0;0;0;0;0;1;1;0;0;0;0;0;0;0;0;0;0;1;1;0;0;12;11;3;1;1;0;1920;4015;1147;4;2
09;0901;090106;1;1;5;18;2;0;0;0;0;0;0;0;0;0;0;0;0;0;0;0;0;0;0;0;0;0;0;0;0;0;0;0;0;0;0;10;10;10;10;0;0;0;0;331;3650;85;1;0
09;0910;091050;1;32;1;18;2;2;2;3;3;5;5;0;0;0;0;0;0;0;0;0;0;0;0;0;0;0;0;0;0;2;2;0;0;0;0;0;0;12;12;0;0;0;0;402;4380;230;1;0
05;0501;050103;1;12;3;18;2;0;0;0;0;0;0;0;0;9;9;0;0;0;0;0;0;0;0;0;0;0;0;0;0;0;0;0;0;0;0;9;9;18;18;0;0;0;0;1404;6570;811;1;0
09;0901;090101;1;4;1;17;3;2;2;4;4;21;21;0;0;7;7;0;0;0;0;0;0;0;0;0;0;0;0;0;0;0;0;0;0;0;0;0;0;34;34;2;0;0;0;2550;12410;1576;0;0
17;1705;170501;1;12;3;18;2;0;0;0;0;0;0;0;0;0;0;0;0;0;0;0;0;0;0;0;0;0;0;0;0;0;0;0;0;0;0;9;9;9;9;2;3;1;0;1507;3285;398;1;5
21;2101;210150;1;12;3;18;2;0;0;2;2;2;2;1;1;0;0;0;0;0;0;0;0;1;1;0;0;0;0;0;0;0;0;0;0;0;0;3;3;9;9;2;0;1;0;651;3285;502;1;0
08;0801;080103;1;12;3;18;2;0;0;0;0;0;0;1;1;0;0;0;0;0;0;0;0;0;0;0;0;0;0;0;0;0;0;0;0;0;0;10;10;11;11;1;0;1;0;231;4015;166;0;0
13;1308;130801;1;12;3;18;2;0;0;0;0;0;0;0;0;0;0;0;0;0;0;0;0;0;0;0;0;0;0;0;0;0;0;0;0;0;0;8;8;8;8;1;0;0;0;288;2920;269;1;0
23;2301;230105;1;32;1;18;2;0;1;3;1;1;2;2;1;3;2;0;0;0;0;0;0;0;0;0;0;0;0;0;0;1;1;0;0;1;0;3;1;14;9;2;0;0;2;164;2814;103;0;0
12;1201;120102;1;1;5;17;3;4;4;2;2;14;14;8;8;3;3;0;0;0;0;0;0;0;0;0;0;0;0;0;0;0;0;0;0;0;0;0;0;31;31;0;0;0;0;1892;11315;1051;0;0
09;0901;090112;1;1;5;18;2;0;0;1;1;0;0;0;0;0;0;0;0;0;0;0;0;0;0;0;0;0;0;0;0;0;0;0;0;0;0;8;8;9;9;1;0;0;0;287;3224;254;0;0
13;1308;130850;1;12;3;18;2;0;0;0;0;0;0;0;0;0;0;0;0;0;0;0;0;0;0;0;0;0;0;0;0;0;0;0;0;0;0;10;10;10;10;0;0;0;0;652;3650;636;0;0
09;0901;090112;1;2;1;13;3;0;0;0;0;75;92;0;0;0;0;0;0;0;0;0;0;0;0;0;0;0;0;0;0;0;0;0;0;0;0;0;0;75;92;0;0;0;0;36651;34020;11947;2;3
06;0601;060101;1;1;5;18;2;0;0;0;0;0;0;0;0;0;0;0;0;0;0;0;0;0;0;0;0;0;0;0;0;0;0;0;0;0;0;21;21;21;21;3;4;2;0;3691;7665;1074;1;10
09;0901;090112;1;11;1;18;2;0;0;57;59;0;0;0;1;0;0;6;1;0;0;0;0;0;0;0;0;0;0;0;0;0;0;0;0;0;0;0;0;63;61;10;0;0;0;18660;32797;6246;17;90
07;0709;070903;1;1;5;18;2;3;3;1;1;1;1;1;1;0;0;0;0;0;0;0;0;6;6;0;0;0;0;0;0;0;0;0;0;0;0;2;2;14;14;2;0;2;0;1097;5110;724;2;2
09;0901;090112;1;11;1;18;2;30;30;30;30;25;25;12;12;12;12;4;4;2;2;0;0;6;6;5;5;2;2;4;4;4;4;2;2;0;0;0;0;138;138;0;0;0;0;40357;50370;5822;49;322
09;0901;090104;1;32;1;18;2;0;0;0;0;5;5;0;0;0;0;0;0;0;0;0;0;0;0;0;0;0;0;0;0;0;0;0;0;0;0;0;0;5;5;0;0;0;0;381;1825;363;0;0
01;0101;010111;1;2;1;18;2;0;0;0;0;0;0;0;0;12;12;0;0;0;0;0;0;0;0;0;0;0;0;0;0;0;0;0;0;0;0;26;26;38;38;5;8;0;3;9669;13870;2181;12;44
08;0801;080102;1;12;3;18;2;2;2;2;2;3;3;0;0;4;4;0;0;0;0;0;0;0;0;0;0;0;0;0;0;0;0;0;0;0;0;0;0;11;11;4;0;1;2;596;4015;493;0;0
09;0916;091650;1;1;5;18;2;0;0;0;0;0;0;0;0;1;1;0;0;0;0;0;0;0;0;0;0;0;0;0;0;0;0;0;0;0;0;8;8;9;9;0;0;0;0;464;3285;258;1;0
13;1301;130102;1;1;5;18;2;4;4;2;2;2;2;1;1;0;0;1;1;0;0;0;0;0;0;0;0;0;0;0;0;0;0;0;0;0;0;0;0;10;10;0;0;0;0;875;3650;875;0;0
08;0804;080455;2;12;3;18;2;0;0;0;0;0;0;0;0;0;0;0;0;0;0;0;0;0;0;0;0;0;0;0;0;0;0;0;0;0;0;14;14;14;14;2;0;2;0;81;5110;73;0;0
09;0924;092450;1;32;1;17;3;0;0;0;0;0;0;0;0;0;0;0;0;0;0;0;0;0;0;0;0;0;0;0;0;0;0;0;0;0;0;6;6;6;6;0;0;0;0;359;2190;327;0;0
13;1301;130108;1;32;1;18;2;0;0;2;2;2;2;2;2;0;0;0;0;0;0;0;0;0;0;0;0;0;0;0;0;0;0;0;0;0;0;0;0;6;6;2;0;0;0;836;2004;420;0;0
21;2101;210150;1;12;3;18;2;4;4;1;1;1;1;1;1;0;0;0;0;0;0;0;0;0;0;0;0;0;0;0;0;0;0;0;0;0;0;0;0;7;7;2;0;0;0;55;2555;54;0;0
13;1315;131550;1;12;3;18;2;0;0;0;0;0;0;0;0;0;0;0;0;0;0;0;0;0;0;0;0;0;0;0;0;0;0;0;0;0;0;7;7;7;7;3;0;0;2;927;2555;770;0;0
18;1801;180156;2;8;2;15;3;0;0;0;0;0;0;0;0;0;0;0;0;0;0;0;0;0;0;0;0;0;0;0;0;0;0;0;0;41;41;0;0;41;41;0;4;0;0;6652;14965;1455;5;19
17;1701;170114;1;12;3;18;2;0;0;0;0;0;0;0;0;4;4;0;0;0;0;0;0;0;0;0;0;0;0;0;0;0;0;0;0;0;0;20;20;24;24;0;0;0;0;5530;8760;2598;0;2
13;1303;130301;1;1;5;18;2;0;0;0;0;0;0;0;0;0;0;0;0;0;0;0;0;0;0;0;0;0;0;0;0;0;0;0;0;0;0;8;8;8;8;0;0;0;0;637;2920;172;0;0
07;0701;070102;1;1;5;18;2;0;0;0;0;0;0;0;0;2;2;0;0;0;0;0;0;0;0;0;0;0;0;0;0;0;0;0;0;0;0;10;10;12;12;0;0;0;0;207;4380;96;1;1
09;0901;090112;1;1;5;18;2;0;0;0;0;0;0;0;0;0;0;0;0;0;0;0;0;0;0;0;0;0;0;0;0;0;0;0;0;0;0;16;13;16;13;2;1;4;0;1895;4745;1617;0;1
23;2301;230104;1;2;1;17;3;4;4;4;4;4;4;2;4;8;6;1;1;12;12;1;1;4;4;6;4;1;1;0;0;0;0;0;0;0;0;8;1;55;46;3;7;0;0;3323;17015;1092;0;0
06;0601;060101;1;1;5;18;2;0;0;0;0;0;0;0;0;0;0;0;0;0;0;0;0;0;0;0;0;0;0;0;0;0;0;0;0;0;0;24;24;24;24;2;2;1;2;5649;8760;1273;9;36
18;1801;180103;1;1;5;18;2;4;4;2;2;2;2;1;1;0;0;0;0;0;0;0;0;2;2;0;0;0;0;2;2;0;0;2;2;0;0;0;0;15;15;2;0;0;1;123;5475;100;0;0
17;1701;170101;1;11;1;18;2;0;0;0;0;0;0;0;0;0;0;0;0;0;0;0;0;0;0;0;0;0;0;0;0;0;0;0;0;0;0;12;11;12;11;0;4;0;0;1557;3834;353;3;8
09;0901;090114;1;2;1;1;1;119;119;119;119;95;93;46;44;28;28;0;0;46;45;0;0;0;0;0;0;0;0;0;0;0;0;0;0;0;0;0;0;453;448;54;28;14;31;83950;163313;19108;78;358
12;1205;120508;1;2;1;6;1;21;22;10;9;12;12;9;9;0;0;3;3;0;0;0;0;9;9;0;0;0;0;1;1;3;3;0;0;10;9;0;0;78;77;20;3;2;28;17085;28099;5457;7;25
09;0901;090102;1;32;1;18;2;0;0;0;0;0;0;0;0;0;0;0;0;0;0;0;0;0;0;0;0;0;0;0;0;0;0;0;0;0;0;12;12;12;12;0;0;0;0;629;4380;559;0;0
09;0907;090701;1;32;1;18;2;8;8;0;0;0;0;5;5;0;0;0;0;0;0;0;0;0;0;0;0;0;0;0;0;0;0;0;0;0;0;0;0;13;13;0;0;0;0;278;4745;144;0;0
09;0901;090112;1;1;5;18;2;0;0;0;0;0;0;0;0;0;0;0;0;0;0;0;0;0;0;0;0;0;0;0;0;0;0;0;0;0;0;30;30;30;30;0;0;0;0;1026;10950;318;1;2
07;0701;070104;1;12;3;18;2;2;2;1;1;2;2;0;0;0;0;0;0;0;0;0;0;0;0;0;0;0;0;0;0;0;0;0;0;0;0;0;0;5;5;0;0;0;0;99;1825;99;1;0
09;0901;090112;1;2;1;6;1;63;74;39;40;78;72;103;89;70;57;12;7;0;0;2;1;59;59;0;0;2;1;4;3;10;11;8;12;0;25;0;24;450;475;0;0;0;0;64495;172764;16844;5;41
01;0101;010107;1;6;2;17;3;0;0;0;0;0;0;0;0;0;0;0;0;1;0;33;35;0;0;0;0;0;0;0;0;0;0;0;0;43;43;0;0;77;78;0;0;1;0;23794;28440;424;0;1
09;0901;090114;1;1;5;17;3;0;0;0;0;0;0;0;0;0;0;0;0;0;0;0;0;0;0;0;0;0;0;0;0;0;0;0;0;0;0;18;18;18;18;9;0;0;0;2119;6570;906;1;2
01;0101;010112;1;17;1;18;2;0;0;0;0;0;0;0;0;0;0;0;0;0;0;0;0;0;0;0;0;0;0;0;0;4;4;0;0;0;0;0;0;4;4;0;0;0;2;180;1460;137;0;0
23;2301;230107;1;1;5;18;2;0;0;0;0;0;0;4;4;0;0;0;0;0;0;0;0;0;0;0;0;0;0;0;0;0;0;0;0;0;0;9;9;13;13;3;0;0;0;1012;4745;745;0;1
09;0901;090108;1;1;5;18;2;0;0;0;0;0;0;0;0;0;0;0;0;0;0;0;0;0;0;0;0;0;0;0;0;0;0;0;0;0;0;8;8;8;8;2;0;0;0;242;2920;140;0;0
06;0601;060101;1;1;5;18;2;0;0;0;0;0;0;0;0;0;0;0;0;0;0;0;0;0;0;0;0;0;0;0;0;0;0;0;0;0;0;7;7;7;7;2;1;0;0;1184;2555;705;1;1
17;1701;170127;1;1;5;18;2;0;0;0;0;0;0;0;0;1;3;0;0;0;0;0;0;0;0;0;0;0;0;0;0;0;0;0;0;0;0;5;7;6;10;0;0;0;0;1678;3414;914;0;0
18;1801;180102;1;11;1;18;2;0;0;0;0;0;0;0;0;0;0;0;0;0;0;0;0;0;0;0;0;0;0;0;0;0;0;0;0;0;0;20;20;20;20;6;3;0;3;2687;7300;834;3;6
17;1701;170128;1;2;1;6;1;0;0;0;0;62;37;96;79;8;8;0;0;0;0;0;0;0;0;0;0;0;0;0;0;0;0;0;0;187;171;0;0;353;295;39;24;14;61;63746;107592;14807;81;214
09;0908;090850;1;32;1;18;2;0;0;2;2;2;2;0;0;0;0;0;0;0;0;0;0;0;0;0;0;0;0;0;0;0;0;0;0;0;0;4;3;8;7;1;0;0;0;122;2816;114;0;0
13;1301;130106;1;11;1;1;1;30;8;0;0;0;0;50;13;0;0;0;0;0;0;0;0;0;0;0;0;0;0;0;0;0;0;0;0;0;0;0;0;80;21;0;0;0;0;847;7360;191;1;2
09;0901;090112;1;2;1;1;1;55;9;0;0;0;0;55;9;0;0;0;0;0;0;0;0;0;0;0;0;0;0;0;0;0;0;0;0;0;0;0;0;110;18;0;0;0;0;363;6290;135;0;1
23;2301;230106;1;32;1;18;2;0;0;0;0;0;0;0;0;0;0;5;5;0;0;0;0;0;0;1;1;0;0;0;0;0;0;0;0;0;0;6;6;12;12;0;0;0;0;53;4380;24;0;0
09;0901;090112;1;1;5;18;2;0;0;0;0;0;0;0;0;0;0;0;0;0;0;0;0;0;0;0;0;0;0;0;0;0;0;0;0;0;0;19;19;19;19;0;0;0;0;99;6935;40;0;0
09;0901;090112;1;1;5;18;2;0;0;0;0;0;0;0;0;0;0;0;0;0;0;0;0;0;0;0;0;0;0;0;0;0;0;0;0;0;0;8;8;8;8;2;2;0;0;152;2920;118;2;0
17;1701;170127;1;12;3;18;2;0;0;0;0;0;0;0;0;4;4;0;0;0;0;0;0;0;0;0;0;0;0;0;0;0;0;0;0;0;0;15;15;19;19;4;2;1;5;2894;6935;1560;1;4
05;0501;050104;1;1;5;18;2;2;2;3;3;3;3;1;1;0;0;0;0;0;0;0;0;1;1;0;0;0;0;0;0;0;0;0;0;0;0;0;0;10;10;4;0;0;0;505;3650;170;1;0
06;0601;060101;1;13;1;18;2;0;0;0;0;0;0;0;0;0;0;0;0;0;0;0;0;0;0;0;0;0;0;0;0;0;0;0;0;0;0;5;5;5;5;0;0;0;0;317;1825;222;0;0
05;0501;050104;1;1;5;18;2;2;2;1;1;1;1;1;1;0;0;1;1;0;0;0;0;1;1;0;0;0;0;1;1;1;1;0;0;1;1;2;2;12;12;4;0;0;0;1161;4380;771;1;0
18;1801;180107;1;1;5;18;2;1;1;6;6;2;2;0;0;0;0;0;0;0;0;0;0;1;1;0;0;0;0;0;0;1;1;0;0;0;0;0;0;11;11;0;0;0;0;108;4015;48;1;0
02;0201;020102;1;1;5;18;2;2;2;2;2;2;2;0;0;0;0;0;0;0;0;0;0;0;0;0;0;0;0;0;0;0;0;0;0;0;0;1;1;7;7;0;0;0;0;454;2555;107;0;0
09;0901;090105;1;32;1;18;2;1;1;1;1;0;0;0;0;0;0;0;0;0;0;0;0;0;0;0;0;0;0;0;0;0;0;0;0;0;0;6;6;8;8;0;0;0;0;424;2920;291;3;0
09;0901;090112;1;32;1;18;2;0;0;0;0;0;0;0;0;0;0;0;0;0;0;0;0;0;0;0;0;0;0;0;0;0;0;0;0;0;0;7;7;7;7;0;0;0;0;1142;2555;1126;0;0
09;0901;090108;1;1;5;18;2;0;0;0;0;0;0;0;0;0;0;0;0;0;0;0;0;0;0;0;0;0;0;0;0;0;0;0;0;0;0;14;14;14;14;0;0;0;0;445;5110;229;1;0
09;0901;090111;1;32;1;18;2;0;0;0;0;0;0;0;0;0;0;0;0;0;0;0;0;0;0;0;0;0;0;0;0;0;0;0;0;0;0;6;3;6;3;0;0;0;0;19;912;19;0;0
09;0901;090101;1;2;1;18;2;0;0;3;3;0;0;0;0;0;0;0;0;0;0;0;0;0;0;0;0;0;0;0;0;0;0;0;0;0;0;12;12;15;15;3;0;1;0;845;5475;508;2;0
09;0901;090112;1;32;1;18;2;0;0;0;0;0;0;0;0;0;0;0;0;0;0;0;0;0;0;0;0;0;0;0;0;0;0;0;0;0;0;9;9;9;9;1;0;0;1;18;3285;13;0;0
09;0901;090110;1;1;5;18;2;0;0;0;0;0;0;0;0;0;0;0;0;0;0;0;0;0;0;0;0;0;0;0;0;0;0;0;0;0;0;22;22;22;22;0;0;0;0;65;8030;40;0;0
09;0910;091050;1;32;1;18;2;0;0;0;0;0;0;0;0;0;0;0;0;0;0;0;0;0;0;0;0;0;0;0;0;0;0;0;0;0;0;15;15;15;15;0;0;0;0;678;5475;329;0;0
23;2301;230105;1;32;1;18;2;1;1;1;1;1;1;1;1;1;1;0;0;0;0;0;0;0;0;0;0;0;0;0;0;0;0;1;1;0;0;0;0;6;6;3;0;0;0;148;2190;91;0;0
23;2301;230106;1;32;1;18;2;0;0;0;0;0;0;0;0;0;0;0;0;0;0;0;0;0;0;0;0;0;0;0;0;0;0;0;0;0;0;4;4;4;4;0;0;0;0;275;1460;274;1;0
02;0201;020102;1;32;1;18;2;3;3;3;3;2;2;0;0;0;0;0;0;0;0;0;0;0;0;0;0;0;0;0;0;0;0;0;0;0;0;1;1;9;9;0;0;0;0;160;3285;103;0;1
13;1301;130102;1;8;2;15;3;0;0;32;32;0;0;14;14;0;0;0;0;0;0;0;0;0;0;0;0;0;0;0;0;0;0;0;0;62;62;0;0;108;108;13;7;0;17;33390;39420;5419;28;175
09;0928;092850;1;32;1;11;1;0;0;0;0;0;0;0;0;0;0;0;0;0;0;0;0;0;0;0;0;0;0;0;0;0;0;0;0;0;0;9;9;9;9;0;0;0;0;46;3285;35;0;0
09;0901;090104;1;32;1;18;2;0;0;0;0;0;0;0;0;0;0;0;0;0;0;0;0;0;0;0;0;0;0;0;0;0;0;0;0;0;0;8;8;8;8;1;1;0;0;152;2920;76;0;0
09;0901;090111;1;32;1;18;2;0;0;0;0;0;0;0;0;0;0;0;0;0;0;0;0;0;0;0;0;0;0;0;0;0;0;0;0;0;0;7;7;7;7;3;0;0;0;172;2548;117;0;0
13;1303;130301;1;32;1;18;2;2;2;2;2;2;2;0;0;0;0;0;0;0;0;0;0;0;0;0;0;0;0;0;0;0;0;0;0;0;0;0;0;6;6;0;0;0;0;53;2190;52;0;0
13;1314;131401;1;1;5;18;2;6;6;3;3;1;1;3;3;1;1;0;0;0;0;0;0;0;0;0;0;0;0;0;0;0;0;0;0;0;0;0;0;14;14;2;0;1;2;139;5110;99;2;0
09;0901;090107;1;1;5;18;2;0;0;0;0;0;0;0;0;0;0;0;0;0;0;0;0;0;0;0;0;0;0;0;0;0;0;0;0;0;0;12;12;12;12;2;0;0;2;252;4380;164;0;0
17;1701;170127;1;12;3;18;2;0;0;0;0;0;0;0;0;0;0;0;0;0;0;0;0;0;0;0;0;0;0;0;0;0;0;0;0;0;0;10;2;10;2;0;0;0;0;138;590;55;0;0
17;1701;170151;2;11;1;17;3;0;0;0;0;0;0;0;0;0;0;0;0;0;0;72;72;0;0;0;0;0;0;0;0;0;0;0;0;24;24;82;82;178;178;0;0;0;0;37932;64970;378;2;86
17;1703;170350;1;12;3;18;2;0;0;0;0;0;0;0;0;0;0;0;0;0;0;0;0;0;0;0;0;0;0;0;0;0;0;0;0;0;0;5;5;5;5;0;0;0;0;83;1825;74;1;0
18;1801;180109;1;1;5;18;2;0;0;0;0;0;0;0;0;0;0;0;0;0;0;0;0;0;0;0;0;0;0;0;0;0;0;0;0;0;0;8;8;8;8;1;0;1;0;200;2920;99;0;0
23;2301;230106;1;32;1;18;2;0;0;0;0;0;0;0;0;0;0;0;0;0;0;0;0;0;0;0;0;0;0;0;0;0;0;0;0;0;0;5;5;5;5;0;0;0;0;28;1825;28;0;0
05;0501;050101;1;1;5;18;2;1;1;2;2;0;0;1;1;0;0;0;0;0;0;0;0;2;0;0;0;0;0;0;0;0;0;0;0;2;2;0;0;8;6;2;0;1;2;261;2190;205;0;0
09;0901;090107;1;32;1;18;2;0;0;0;0;0;0;0;0;5;5;0;0;0;0;0;0;0;0;0;0;0;0;0;0;0;0;0;0;0;0;6;6;11;11;0;0;0;0;99;4015;64;0;0
23;2301;230106;1;32;1;18;2;0;0;0;0;0;0;0;0;0;0;0;0;0;0;0;0;0;0;0;0;0;0;0;0;0;0;0;0;0;0;10;10;10;10;0;0;0;0;60;3650;25;0;0
18;1801;180101;1;1;5;18;2;3;3;5;5;0;0;0;0;0;0;0;0;0;0;0;0;0;0;0;0;0;0;0;0;0;0;0;0;0;0;0;0;8;8;2;1;0;1;411;2920;163;0;2
09;0908;090850;1;32;1;18;2;1;1;1;1;1;1;1;1;0;0;0;0;0;0;0;0;0;0;0;0;0;0;0;0;0;0;0;0;0;0;0;0;4;4;3;0;0;0;11;1460;6;0;0
13;1304;130401;1;32;1;18;2;0;0;0;0;0;0;0;0;0;0;0;0;0;0;0;0;0;0;0;0;0;0;0;0;0;0;0;0;0;0;3;3;3;3;0;0;0;0;217;1095;190;2;0
23;2301;230105;1;32;1;18;2;0;0;0;0;0;0;0;0;0;0;0;0;0;0;0;0;0;0;0;0;0;0;0;0;0;0;0;0;0;0;6;6;6;6;0;0;0;0;38;2190;38;0;0
17;1701;170127;1;12;3;18;2;0;0;0;0;0;0;0;0;0;0;0;0;0;0;0;0;0;0;0;0;0;0;0;0;0;0;0;0;4;3;7;6;11;9;0;0;0;0;677;3465;583;0;0
05;0502;050202;1;1;5;18;2;8;8;1;1;4;4;2;2;3;3;0;0;0;0;0;0;1;1;0;0;0;0;0;0;0;0;0;0;0;0;0;0;19;19;0;0;0;0;318;6935;195;0;0
17;1701;170124;1;12;3;18;2;0;0;0;0;0;0;0;0;8;8;0;0;0;0;0;0;0;0;0;0;0;0;0;0;0;0;0;0;0;0;10;10;18;18;0;0;0;0;445;6570;369;0;0
17;1703;170350;1;12;3;18;2;4;4;2;2;1;1;0;0;1;1;0;0;0;0;0;0;0;0;0;0;0;0;0;0;0;0;0;0;0;0;0;0;8;8;0;0;0;0;97;2920;56;0;0
17;1705;170550;1;12;3;18;2;0;0;0;0;0;0;0;0;0;0;0;0;0;0;0;0;0;0;0;0;0;0;0;0;0;0;0;0;0;0;16;16;16;16;0;0;0;0;3639;5840;1462;3;24
17;1701;170121;1;12;3;18;2;0;0;0;0;0;0;5;5;0;0;0;0;0;0;0;0;0;0;0;0;0;0;0;0;0;0;0;0;0;0;5;5;10;10;0;0;0;0;80;3650;42;0;0
09;0901;090112;1;1;5;18;2;0;0;0;0;0;0;0;0;0;0;0;0;0;0;0;0;0;0;0;0;0;0;0;0;0;0;0;0;0;0;9;9;9;9;0;0;0;0;417;3285;238;0;0
09;0901;090107;1;32;1;18;2;0;0;0;0;0;0;0;0;0;0;0;0;0;0;0;0;0;0;0;0;0;0;0;0;0;0;0;0;0;0;5;5;5;5;0;0;0;0;75;1825;36;0;0
17;1701;170112;1;12;3;18;2;0;0;0;0;0;0;0;0;0;0;0;0;0;0;0;0;0;0;0;0;0;0;0;0;0;0;0;0;0;0;9;9;9;9;1;0;1;0;486;3285;278;0;1
13;1304;130401;1;1;5;18;2;0;0;0;0;0;0;0;0;0;0;0;0;0;0;0;0;0;0;0;0;0;0;0;0;0;0;0;0;0;0;6;5;6;5;0;0;0;0;74;1824;74;0;0
13;1301;130108;1;1;5;18;2;0;0;0;0;0;0;0;0;0;0;0;0;0;0;0;0;0;0;0;0;0;0;0;0;0;0;0;0;0;0;6;6;6;6;3;0;0;0;29;2190;13;0;0
09;0911;091150;1;32;1;18;2;0;0;0;0;0;0;0;0;0;0;0;0;0;0;0;0;0;0;0;0;0;0;0;0;0;0;0;0;0;0;4;2;4;2;1;0;0;0;23;856;23;0;0
17;1701;170127;1;12;3;17;3;0;0;11;11;0;0;0;0;0;0;0;0;0;0;0;0;0;0;0;0;0;0;0;0;0;0;0;0;0;0;0;0;11;11;0;0;0;0;701;4015;427;1;1
09;0907;090702;1;12;3;18;2;1;1;1;1;2;2;0;0;0;0;0;0;0;0;0;0;0;0;0;0;0;0;0;0;0;0;0;0;0;0;0;0;4;4;2;0;0;1;52;1460;49;0;0
09;0901;090114;1;32;1;18;2;0;0;0;0;0;0;0;0;0;0;0;0;0;0;0;0;0;0;0;0;0;0;0;0;0;0;0;0;0;0;5;5;5;5;2;0;0;0;2;1825;2;0;0
09;0918;091850;1;32;1;18;2;0;0;0;0;0;0;0;0;0;0;0;0;0;0;0;0;0;0;0;0;0;0;0;0;0;0;0;0;0;0;7;7;7;7;1;0;0;1;272;2555;263;0;0
09;0901;090106;1;32;1;18;2;7;7;1;1;0;0;0;0;0;0;0;0;0;0;0;0;0;0;0;0;0;0;0;0;0;0;0;0;0;0;0;0;8;8;0;0;0;0;57;2920;57;0;0
09;0901;090112;1;32;1;18;2;0;0;0;0;0;0;0;0;4;4;0;0;0;0;0;0;0;0;0;0;0;0;0;0;0;0;0;0;0;0;6;6;10;10;0;0;0;0;286;3650;139;0;0
09;0910;091050;1;32;1;18;2;4;4;1;1;0;0;0;0;0;0;0;0;0;0;0;0;0;0;0;0;0;0;0;0;2;2;0;0;0;0;0;0;7;7;0;0;0;0;151;2555;151;0;0
09;0920;092056;2;1;5;18;2;17;17;0;0;0;0;3;3;0;0;0;0;0;0;0;0;0;0;0;0;0;0;0;0;0;0;0;0;0;0;0;0;20;20;0;0;0;0;1677;7300;1139;1;4
17;1701;170115;1;12;3;18;2;0;0;0;0;0;0;0;0;0;0;0;0;0;0;0;0;0;0;0;0;0;0;0;0;0;0;0;0;0;0;7;7;7;7;2;0;0;1;122;2555;78;0;1
15;1501;150150;1;12;3;18;2;0;0;1;1;1;1;1;1;0;0;0;0;0;0;0;0;0;0;0;0;0;0;0;0;0;0;0;0;0;0;2;2;5;5;1;0;0;0;46;1825;38;0;0
17;1701;170127;1;2;1;18;2;0;0;0;0;0;0;0;0;0;0;0;0;0;0;0;0;0;0;0;0;0;0;0;0;0;0;0;0;0;0;33;31;33;31;0;8;0;0;3469;11281;1609;5;6
17;1701;170109;1;12;3;18;2;0;0;0;0;0;0;0;0;0;0;0;0;0;0;0;0;0;0;0;0;0;0;0;0;0;0;0;0;0;0;5;5;5;5;1;0;0;0;53;1825;32;0;0
17;1701;170115;1;12;3;17;3;0;0;0;0;0;0;0;0;0;0;0;0;0;0;0;0;0;0;0;0;0;0;0;0;0;0;0;0;24;24;0;0;24;24;0;0;0;0;2405;8760;130;17;66
17;1705;170503;1;12;3;18;2;0;0;0;0;0;0;0;0;0;0;0;0;0;0;0;0;0;0;0;0;0;0;0;0;0;0;0;0;0;0;4;4;4;4;0;0;0;0;184;1460;174;0;0
17;1701;170112;1;15;1;18;2;0;0;0;0;0;0;0;0;0;0;0;0;0;0;0;0;6;6;0;0;0;0;0;0;0;0;0;0;0;0;0;0;6;6;0;0;0;0;1058;2190;1047;0;0
22;2201;220150;1;12;3;18;2;5;2;3;2;5;1;1;1;1;1;0;0;0;0;1;1;3;3;0;0;2;2;0;0;0;0;2;2;0;0;0;0;23;15;0;0;0;0;318;5503;210;0;1
17;1701;170114;1;16;2;18;2;0;0;0;0;0;0;0;0;0;0;0;0;0;0;38;38;0;0;0;0;0;0;0;0;0;0;0;0;0;0;0;0;38;38;2;0;0;4;13740;13870;247;0;0
09;0901;090112;1;32;1;18;2;0;0;0;0;0;0;0;0;0;0;0;0;0;0;0;0;0;0;0;0;0;0;0;0;0;0;0;0;0;0;10;10;10;10;0;0;0;0;42;3650;17;0;1
09;0901;090104;1;32;1;18;2;0;0;0;0;0;0;0;0;0;0;0;0;0;0;0;0;0;0;0;0;0;0;0;0;0;0;0;0;0;0;13;13;13;13;1;0;0;0;76;4745;42;0;0
09;0920;092056;2;32;1;18;2;8;8;1;1;1;1;0;0;1;1;0;0;0;0;0;0;0;0;0;0;0;0;0;0;0;0;0;0;0;0;0;0;11;11;0;0;0;0;650;4015;622;0;0
09;0901;090112;1;1;5;18;2;0;0;3;2;0;0;1;1;0;0;0;0;0;0;0;0;9;7;0;0;0;0;0;0;0;0;0;0;0;0;0;0;13;10;3;0;0;0;60;3822;41;0;0
09;0901;090103;1;1;5;18;2;0;0;0;0;0;0;0;0;0;0;0;0;0;0;0;0;5;5;0;0;0;0;0;0;0;0;0;0;0;0;12;12;17;17;0;0;0;0;766;6205;428;0;1
